712,0.0,XH1I,2.111179,41.38567
761,825.7096799999999,XH1I,2.106660,41.38748
763,812.9442,XH1I,2.112003,41.39331
2279,820.58213,XH1I,2.118539,41.39838
531,504.39828,XH1I,2.123446,41.40097
996,732.55726,XH1I,2.130484,41.40490
261,919.12798,XH1I,2.137659,41.41035
534,499.49608,XH1I,2.138262,41.41449
1372,954.1944599999999,XH1I,2.141292,41.42234
48,666.7590399999999,XH1I,2.144165,41.42791
704,398.27741,XH1I,2.145728,41.43131
614,531.6709,XH1I,2.148345,41.43562
1440,891.03341,XH1I,2.157767,41.43908
428,680.01737,XH1I,2.165759,41.43919
807,651.8383799999999,XH1I,2.173494,41.43843
154,789.14482,XH1I,2.182502,41.43928
1420,934.5562500000001,XH1I,2.190771,41.44138
1420,0,XH1V,2.190771,41.44138
1710,541,XH1V,2.189790,41.44513
2323,780.4074,XH1V,2.186419,41.43970
805,617.32551,XH1V,2.179162,41.43903
406,493.55813,XH1V,2.173479,41.43863
755,682.18655,XH1V,2.165384,41.43943
1441,715.9772399999999,XH1V,2.158333,41.43971
607,773.7554,XH1V,2.149735,41.43718
1148,329.71254,XH1V,2.147039,41.43503
1147,521.14349,XH1V,2.144753,41.43066
1019,748.6303,XH1V,2.141720,41.42432
754,671.9791600000001,XH1V,2.139061,41.41862
1776,561.55957,XH1V,2.136704,41.41464
937,815.5792799999999,XH1V,2.135811,41.41003
995,786.83527,XH1V,2.130121,41.40484
1531,269.57111,XH1V,2.127532,41.40339
1637,694.06702,XH1V,2.120795,41.39980
2681,243.93684,XH1V,2.118456,41.39848
549,954.80993,XH1V,2.111625,41.39213
552,650.95561,XH1V,2.106575,41.38788
295,370.07108,XH1V,2.108859,41.38576
712,509.66974,XH1V,2.111179,41.38567
556,0.0,XH2I,2.110913,41.38459
3222,674.78678,XH2I,2.117935,41.38583
3223,694.03278,XH2I,2.125799,41.38783
940,817.56351,XH2I,2.131147,41.39302
1939,827.16957,XH2I,2.133884,41.39889
934,319.59325,XH2I,2.136280,41.40113
1742,508.19881,XH2I,2.140621,41.40425
3566,748.7128,XH2I,2.149082,41.40621
368,800.6211800000001,XH2I,2.156636,41.41046
3637,706.43875,XH2I,2.163999,41.41174
3226,300.00278,XH2I,2.167490,41.41221
3538,675.05035,XH2I,2.173864,41.41585
2758,778.21192,XH2I,2.177325,41.42217
1887,289.85168,XH2I,2.177417,41.42475
1907,210.82403,XH2I,2.177280,41.42664
1339,871.91543,XH2I,2.185140,41.42861
3645,842.13237,XH2I,2.194859,41.42816
3645,0.0,XH2V,2.194859,41.42816
873,768.06434,XH2V,2.189156,41.43020
1590,606.18785,XH2V,2.181902,41.43027
1592,432.88925,XH2V,2.176722,41.43033
1095,659.22225,XH2V,2.175873,41.42639
820,226.33687,XH2V,2.176124,41.42451
9692,616.03973,XH2V,2.176873,41.42061
3543,891.66975,XH2V,2.171036,41.41424
3229,474.35347,XH2V,2.166399,41.41226
2777,932.70552,XH2V,2.156349,41.41057
1122,730.94538,XH2V,2.149510,41.40674
933,759.29368,XH2V,2.141067,41.40467
994,373.22523,XH2V,2.137557,41.40261
1940,549.75236,XH2V,2.133459,41.39875
487,745.47903,XH2V,2.131300,41.39327
3232,814.9756500000001,XH2V,2.126614,41.38896
21,1028.2401399999999,XH2V,2.116136,41.38559
556,465.21447,XH2V,2.110913,41.38459
3797,0.0,XH3I,2.111873,41.37661
2685,681.72572,XH3I,2.117485,41.37854
3649,447.06783,XH3I,2.121946,41.37823
709,763.09789,XH3I,2.128835,41.38273
990,781.76785,XH3I,2.135869,41.38613
1253,917.63807,XH3I,2.142976,41.38641
168,854.41331,XH3I,2.146354,41.39311
929,367.33555,XH3I,2.150520,41.39417
94,428.89334,XH3I,2.155381,41.39540
1080,467.27916,XH3I,2.160649,41.39673
213,830.52955,XH3I,2.167162,41.40150
913,934.9889499999999,XH3I,2.171759,41.40747
212,799.48449,XH3I,2.178475,41.41260
2736,775.37589,XH3I,2.185021,41.41660
510,890.30296,XH3I,2.187089,41.42140
946,683.62822,XH3I,2.191777,41.42368
327,675.3833500000001,XH3I,2.194257,41.42815
327,0,XH3V,2.194257,41.42815
1344,735.79413,XH3V,2.193125,41.43016
409,722.35692,XH3V,2.190915,41.42631
455,879.1406299999999,XH3V,2.186760,41.42193
3313,747.32113,XH3V,2.181733,41.41681
233,559.88698,XH3V,2.176982,41.41325
783,777.2659699999999,XH3V,2.170399,41.40831
633,858.98675,XH3V,2.164759,41.40275
3314,351.5148,XH3V,2.164503,41.40049
1520,608.18795,XH3V,2.160304,41.39680
1425,476.5624,XH3V,2.154912,41.39544
928,397.83538,XH3V,2.150402,41.39430
1098,400.98416,XH3V,2.145855,41.39315
376,709.40795,XH3V,2.140634,41.39011
991,510.45003,XH3V,2.135795,41.38731
485,636.8638000000001,XH3V,2.129908,41.38369
2368,727.13228,XH3V,2.123383,41.37934
1713,392.2397,XH3V,2.119820,41.37705
3797,1026.95373,XH3V,2.111873,41.37661
3225,0.0,XH4I,2.119632,41.35312
2968,659.27045,XH4I,2.123852,41.35549
2970,612.30576,XH4I,2.128855,41.35930
2363,673.0707199999999,XH4I,2.134440,41.36366
868,605.72225,XH4I,2.139298,41.36750
1310,659.6528599999999,XH4I,2.144880,41.37170
389,423.07591,XH4I,2.148575,41.37429
1254,638.40245,XH4I,2.153719,41.37838
1469,634.52262,XH4I,2.159086,41.38242
1075,575.12638,XH4I,2.163970,41.38607
1209,291.55115,XH4I,2.166430,41.38793
149,624.64429,XH4I,2.171675,41.39187
125,301.08519,XH4I,2.174218,41.39378
914,785.86038,XH4I,2.180649,41.39861
9390,746.87983,XH4I,2.187262,41.40304
385,918.6325099999999,XH4I,2.194761,41.40904
464,318.29331,XH4I,2.197428,41.41108
2949,743.4784500000001,XH4I,2.203737,41.41580
962,738.72954,XH4I,2.207703,41.42048
572,538.55245,XH4I,2.210390,41.42229
572,0.0,XH4V,2.210390,41.42229
2547,406.52206,XH4V,2.209145,41.42029
540,681.1141,XH4V,2.203370,41.41596
383,675.37492,XH4V,2.197643,41.41167
498,861.82137,XH4V,2.190693,41.40608
247,464.07039,XH4V,2.186434,41.40362
3806,987,XH4V,2.178507,41.40248
3799,820.5552,XH4V,2.171526,41.39729
3800,854.43297,XH4V,2.164298,41.39185
3801,634.39166,XH4V,2.158929,41.38781
9999,891,XH4V,2.151785,41.38226
108,1130,XH4V,2.147975,41.37439
421,631.19708,XH4V,2.144950,41.37199
895,582.0799999999999,XH4V,2.140016,41.36829
183,399.99304,XH4V,2.136559,41.36582
3024,635.10688,XH4V,2.131302,41.36190
92,558.15683,XH4V,2.126576,41.35835
3225,838.74973,XH4V,2.119632,41.35312
788,0,XH5I,2.150597,41.37490
1367,407,XH5I,2.155468,41.37488
770,755.8563,XH5I,2.164506,41.37486
722,512.82146,XH5I,2.170634,41.37479
2618,790.86138,XH5I,2.177143,41.37479
254,737.84329,XH5I,2.181573,41.38044
3395,326.50138,XH5I,2.183786,41.38281
698,1430,XH5I,2.196311,41.39042
3605,798.5037,XH5I,2.202772,41.39435
3317,937.1174900000001,XH5I,2.207598,41.40062
3318,377.02466,XH5I,2.210784,41.40302
2266,592.37976,XH5I,2.215480,41.40698
3594,902.5303999999999,XH5I,2.221760,41.41320
3479,1086.06544,XH5I,2.220204,41.41244
3479,0.0,XH5V,2.220204,41.41244
2265,755.9051,XH5V,2.215327,41.40702
2907,692.90378,XH5V,2.209537,41.40262
1022,822.09371,XH5V,2.205916,41.39701
342,437.04729,XH5V,2.202388,41.39427
1764,818.2164700000001,XH5V,2.195773,41.39032
3396,1350,XH5V,2.183816,41.38347
255,394.06039,XH5V,2.181474,41.38045
2617,760.68515,XH5V,2.176747,41.37478
1004,541.84622,XH5V,2.170618,41.37503
377,938.0224599999999,XH5V,2.159399,41.37510
788,1210,XH5V,2.150597,41.37490
3322,0.0,XV1I,2.142764,41.34549
200,1326.28811,XV1I,2.145339,41.35169
44,656.72229,XV1I,2.141538,41.35686
450,340.97238,XV1I,2.139621,41.35957
3323,694.8361,XV1I,2.135739,41.36507
2532,2002.23384,XV1I,2.128466,41.38214
491,699.69499,XV1I,2.128121,41.38802
1413,836.72173,XV1I,2.119078,41.39007
3544,814.6071099999999,XV1I,2.111971,41.39405
3545,291.5335,XV1I,2.110351,41.39377
3545,0.0,XV1V,2.110351,41.39377
763,401.36378,XV1V,2.112003,41.39331
297,863.04413,XV1V,2.118936,41.39000
1376,949.8706099999999,XV1V,2.126944,41.38743
412,650,XV1V,2.128008,41.38183
1194,1684.75227,XV1V,2.132775,41.36859
3023,620.4247,XV1V,2.133837,41.36380
43,827.58878,XV1V,2.139079,41.35982
199,686.3313599999999,XV1V,2.142976,41.35439
3322,1456.14905,XV1V,2.142764,41.34549
3764,0.0,XV2I,2.148569,41.37657
777,730.3102799999999,XV2I,2.143614,41.38047
1377,891.8612,XV2I,2.137775,41.38625
3268,718.79292,XV2I,2.132746,41.39142
3269,220.7098,XV2I,2.130705,41.39252
3264,661.7801,XV2I,2.126289,41.39648
134,590.2173399999999,XV2I,2.124037,41.39994
3771,925.10322,XV2I,2.116837,41.40393
3263,411.50438,XV2I,2.114581,41.40392
3263,0.0,XV2V,2.114581,41.40392
1538,303.5672,XV2V,2.117183,41.40395
622,751.16407,XV2V,2.123344,41.39996
3265,884.64111,XV2V,2.126888,41.39483
3266,296.85613,XV2V,2.129375,41.39292
990,951.6661199999999,XV2V,2.135869,41.38613
2270,713.15836,XV2V,2.141343,41.38121
3764,1260.7374399999999,XV2V,2.148569,41.37657
3690,0.0,XV3I,2.166159,41.37648
1545,652.79778,XV3I,2.161454,41.38064
316,730,XV3I,2.162533,41.38604
842,878.20129,XV3I,2.157709,41.38968
1386,866.03006,XV3I,2.150394,41.39520
931,834.57812,XV3I,2.143539,41.39918
3425,853.44069,XV3I,2.135550,41.40178
1360,765.64968,XV3I,2.133761,41.40660
2584,525.78557,XV3I,2.137032,41.41011
1775,531.31086,XV3I,2.134143,41.41428
3675,717.1139700000001,XV3I,2.134355,41.41371
3675,0.0,XV3V,2.134355,41.41371
3474,375.1822,XV3V,2.136529,41.41075
612,712.9453599999999,XV3V,2.134170,41.40579
613,416.90711,XV3V,2.137540,41.40305
1392,704.5753500000001,XV3V,2.143501,41.39856
285,378.62364,XV3V,2.148915,41.39447
1495,941.50989,XV3V,2.156872,41.38846
564,364.8797,XV3V,2.159951,41.38614
1366,689.81007,XV3V,2.161561,41.38150
1058,752.45646,XV3V,2.161440,41.37648
3690,848.54759,XV3V,2.166159,41.37648
1483,0.0,XV4I,2.183502,41.37703
3326,504.81076,XV4I,2.182581,41.38114
1129,929.4256700000001,XV4I,2.183053,41.38780
3141,522.55339,XV4I,2.181294,41.39118
230,815.17682,XV4I,2.172837,41.39018
321,285.74475,XV4I,2.170422,41.39200
841,558.76757,XV4I,2.165706,41.39557
3388,658.47493,XV4I,2.160005,41.39709
1260,604.36115,XV4I,2.155028,41.40027
1116,781.80975,XV4I,2.150079,41.40617
2800,815.30874,XV4I,2.144566,41.41141
69,676.84564,XV4I,2.138190,41.41210
534,289.77668,XV4I,2.138262,41.41449
1776,200,XV4I,2.136704,41.41464
1776,0,XV4V,2.136704,41.41464
22,741.0228999999999,XV4V,2.143973,41.41136
557,791.38844,XV4V,2.149836,41.40611
1387,860.47036,XV4V,2.152383,41.39920
1080,927.62785,XV4V,2.160649,41.39673
1490,446.86075,XV4V,2.164609,41.39454
226,564.43994,XV4V,2.169374,41.39094
3328,376.72716,XV4V,2.172561,41.38855
667,954.1645599999999,XV4V,2.180610,41.38244
3329,250.48386,XV4V,2.182746,41.38086
1483,1030.85731,XV4V,2.183502,41.37703
3838,0.0,XV5I,2.187328,41.36796
960,829.1361400000001,XV5I,2.188567,41.37433
955,651.38312,XV5I,2.187433,41.37999
1164,378.55025,XV5I,2.185004,41.38255
1129,779.28283,XV5I,2.183053,41.38780
3141,522.55339,XV5I,2.181294,41.39118
317,732.05855,XV5I,2.175272,41.39547
1138,559.95317,XV5I,2.170462,41.39884
213,407.43887,XV5I,2.167162,41.40150
604,707.69731,XV5I,2.163342,41.40637
3162,850.89775,XV5I,2.164262,41.41236
3162,0,XV5V,2.164262,41.41236
369,616.83971,XV5V,2.163164,41.40665
1265,783.81108,XV5V,2.166749,41.40126
1492,426.03286,XV5V,2.170429,41.39862
315,502.42557,XV5V,2.174670,41.39541
1127,750.43217,XV5V,2.180251,41.39068
1163,543.84422,XV5V,2.183522,41.38713
1476,727.1564900000001,XV5V,2.184129,41.38208
957,644.93015,XV5V,2.188155,41.37755
3838,1094.1147,XV5V,2.187328,41.36796
3630,0.0,XV6I,2.201214,41.39431
2723,686.45943,XV6I,2.195429,41.39869
3371,693.5812000000001,XV6I,2.189593,41.40313
1142,912.9003399999999,XV6I,2.181904,41.40897
3618,576.21596,XV6I,2.177060,41.41266
3559,982.88285,XV6I,2.173497,41.41513
3224,290,XV6I,2.167562,41.41289
476,1699.53996,XV6I,2.158313,41.42603
1430,643.53336,XV6I,2.155193,41.43078
1430,643.53336,XV6I,2.155193,41.43078
3620,840.31738,XV6I,2.148195,41.43513
3620,0.0,XV6V,2.148195,41.43513
3621,758.23725,XV6V,2.153042,41.43496
366,621.42581,XV6V,2.155254,41.43051
477,453,XV6V,2.157240,41.42720
1396,1976.5420700000002,XV6V,2.167010,41.41169
634,543.49172,XV6V,2.171569,41.40820
234,912.8224600000001,XV6V,2.180416,41.40731
3624,956.00541,XV6V,2.185324,41.40110
3625,386.41318,XV6V,2.188608,41.39865
3627,829.9888900000001,XV6V,2.195672,41.39339
3629,679.3870300000001,XV6V,2.201555,41.39112
3630,549.89707,XV6V,2.201214,41.39431
3383,0,XV7I,2.209743,41.40326
191,766.46063,XV7I,2.203269,41.40815
1190,680.78153,XV7I,2.197521,41.41249
621,391.63179,XV7I,2.194212,41.41499
744,962.22524,XV7I,2.186077,41.42111
363,742.75982,XV7I,2.179847,41.42588
364,211.79525,XV7I,2.178064,41.42724
2616,751.06684,XV7I,2.172729,41.43039
1624,1007.0674200000001,XV7I,2.163352,41.43337
1961,377.64618,XV7I,2.164549,41.43664
755,409.39631,XV7I,2.165384,41.43943
2585,612.7770499999999,XV7I,2.162304,41.44285
1900,815.23549,XV7I,2.170234,41.44421
1900,0.0,XV7V,2.170234,41.44421
2260,605.7088699999999,XV7V,2.166796,41.44194
1594,656.6092100000001,XV7V,2.162485,41.43939
428,277.56232,XV7V,2.165759,41.43919
1963,328.26173,XV7V,2.164489,41.43681
1404,1024.83517,XV7V,2.168059,41.43034
3404,643.7642900000001,XV7V,2.174280,41.42917
1048,679.49242,XV7V,2.179802,41.42572
455,877.81389,XV7V,2.186760,41.42193
2946,1140.87818,XV7V,2.192836,41.41414
2947,416.51453,XV7V,2.196362,41.41150
2698,442.53362,XV7V,2.200100,41.40867
2700,672.97703,XV7V,2.205775,41.40438
3382,311.85809,XV7V,2.208412,41.40239
887,0,XV8I,2.216684,41.41218
469,923.12714,XV8I,2.214693,41.41511
1113,212.13733,XV8I,2.212900,41.41646
962,624.75671,XV8I,2.207703,41.42048
2683,364.80296,XV8I,2.204613,41.42278
3506,764,XV8I,2.199893,41.42510
947,1387.60398,XV8I,2.191710,41.42701
3284,715.06633,XV8I,2.194825,41.43092
731,748.09592,XV8I,2.191278,41.43697
1515,989.13124,XV8I,2.190653,41.44586
2620,675,XV8I,2.189623,41.44811
2620,0.0,XV8V,2.189623,41.44811
1161,891.7291299999999,XV8V,2.190706,41.44229
1028,591.25695,XV8V,2.191088,41.43698
3310,807.77987,XV8V,2.195377,41.43170
641,800.30098,XV8V,2.189992,41.42932
409,347.86105,XV8V,2.190915,41.42631
946,610.69475,XV8V,2.191777,41.42368
3507,1011.77509,XV8V,2.200102,41.42499
1181,465,XV8V,2.204269,41.42235
574,362.06233,XV8V,2.207256,41.42000
193,610.35632,XV8V,2.212440,41.41615
887,626.87941,XV8V,2.216684,41.41218
3802,0.0,X1I,2.143608,41.39235
1264,832.48889,X1I,2.151134,41.38938
1075,1501.04104,X1I,2.163970,41.38607
1070,643.29099,X1I,2.169376,41.39014
125,573.98964,X1I,2.174218,41.39378
499,1084.9986,X1I,2.183266,41.40038
9803,594.70658,X1I,2.185723,41.40080
9803,0.0,X1V,2.185723,41.40080
3806,1233.73838,X1V,2.178507,41.40248
3799,820.5552,X1V,2.171526,41.39729
3800,854.43297,X1V,2.164298,41.39185
3801,634.39166,X1V,2.158929,41.38781
3450,1021.91127,X1V,2.149827,41.38882
3802,1292.25748,X1V,2.143608,41.39235
864,0.0,6I,2.124084,41.39029
1883,179.33872,6I,2.125635,41.38978
494,435.12357,6I,2.128933,41.38844
42,410.85184,6I,2.133589,41.38962
373,248.4179,6I,2.136404,41.39033
822,344.71832,6I,2.140309,41.39133
168,556.82945,6I,2.146354,41.39311
929,367.33555,6I,2.150520,41.39417
94,428.89334,6I,2.155381,41.39540
1080,467.27916,6I,2.160649,41.39673
9698,436529,6I,2.165612,41.39784
1492,437.68966,6I,2.170429,41.39862
3391,247.90484,6I,2.172521,41.39704
315,254.52073,6I,2.174670,41.39541
1319,415.26196,6I,2.177304,41.39610
914,394.76804,6I,2.180649,41.39861
38,274.26729,6I,2.182931,41.39770
3401,388.82859,6I,2.186181,41.39520
697,537.10641,6I,2.190914,41.39597
1109,434.09326,6I,2.194618,41.39871
3255,254.79624,6I,2.196782,41.40032
3617,262.47187,6I,2.199003,41.39927
3256,247.90846,6I,2.201096,41.39768
3257,286.55042,6I,2.202141,41.39873
3257,0.0,6V,2.202141,41.39873
2741,356.29313,6V,2.199012,41.40047
300,265.52258,6V,2.196766,41.39878
835,412.32468,6V,2.193287,41.39614
3571,398.78425,6V,2.189841,41.39367
3400,422.89972,6V,2.186302,41.39537
227,355.11288,6V,2.183324,41.39765
1298,341.48751,6V,2.180295,41.39873
1230,400.96421,6V,2.176897,41.39619
317,174.26054,6V,2.175272,41.39547
63,331.65219,6V,2.172390,41.39738
1138,228.30098,6V,2.170462,41.39884
122,181.3454,6V,2.168610,41.39888
147,243.22273,6V,2.165846,41.39819
1520,488.24531,6V,2.160304,41.39680
1425,476.5624,6V,2.154912,41.39544
928,397.83538,6V,2.150402,41.39430
1098,400.98416,6V,2.145855,41.39315
524,544.99573,6V,2.140022,41.39164
520,263.73991,6V,2.136994,41.39159
512,361.49367,6V,2.132753,41.39224
239,410.99181,6V,2.128122,41.39212
277,274.74155,6V,2.125004,41.39135
864,225.7957,6V,2.124084,41.39029
2259,0.0,7I,2.215476,41.41060
1890,225.86167,7I,2.212898,41.41000
1891,295.58179,7I,2.209544,41.40916
1892,439.6414,7I,2.204555,41.40790
1893,549.27971,7I,2.198312,41.40635
1894,318.17534,7I,2.194704,41.40544
1880,306.60988,7I,2.191226,41.40457
247,453.88438,7I,2.186434,41.40362
785,464.97202,7I,2.182694,41.40055
1298,284.46094,7I,2.180295,41.39873
1230,400.96421,7I,2.176897,41.39619
503,411.98103,7I,2.173665,41.39376
1246,286.83577,7I,2.171236,41.39193
1081,257.87118,7I,2.169054,41.39029
313,173.22418,7I,2.167559,41.39013
55,252.16396,7I,2.165503,41.39179
1136,261.88576,7I,2.163362,41.39352
281,397.27232,7I,2.160124,41.39614
1425,481.07998,7I,2.154912,41.39544
928,397.83538,7I,2.150402,41.39430
1098,400.98416,7I,2.145855,41.39315
524,544.99573,7I,2.140022,41.39164
41,326.30906,7I,2.136321,41.39071
483,415.38158,7I,2.131617,41.38951
237,372.87849,7I,2.127385,41.38844
458,514.80465,7I,2.121552,41.38696
21,478.06799,7I,2.116136,41.38559
547,418.56802,7I,2.111442,41.38472
547,0.0,7V,2.111442,41.38472
310,163.27327,7V,2.111612,41.38422
2542,356.84855,7V,2.115683,41.38507
2543,269.14332,7V,2.118733,41.38584
492,375.25574,7V,2.122984,41.38693
493,228.61421,7V,2.125576,41.38758
494,296.15899,7V,2.128933,41.38844
42,410.85184,7V,2.133589,41.38962
373,248.4179,7V,2.136404,41.39033
822,344.71832,7V,2.140309,41.39133
168,556.82945,7V,2.146354,41.39311
929,367.33555,7V,2.150520,41.39417
221,631.7808,7V,2.156883,41.39356
1493,378.7722,7V,2.160074,41.39113
175,275.53251,7V,2.162399,41.38937
1209,446.27388,7V,2.166430,41.38793
1070,351.73984,7V,2.169376,41.39014
149,272.90445,7V,2.171675,41.39187
125,301.08519,7V,2.174218,41.39378
1319,391.09234,7V,2.177304,41.39610
914,394.76804,7V,2.180649,41.39861
499,299.13822,7V,2.183266,41.40038
9390,447.74161,7V,2.187262,41.40304
1879,476.44989,7V,2.191261,41.40418
2262,365.06407,7V,2.195404,41.40522
1896,370.85257,7V,2.199610,41.40629
1897,460.15809,7V,2.204838,41.40759
1898,452.77553,7V,2.209974,41.40888
1899,274.77415,7V,2.213097,41.40965
3347,283.66784,7V,2.216298,41.41050
2259,676.23228,7V,2.215476,41.41060
2619,0.0,11I,2.189627,41.44795
2701,709.50323,11I,2.188647,41.44196
3344,428.9446,11I,2.193044,41.44283
1204,410.07911,11I,2.193450,41.44617
1205,561.24401,11I,2.199543,41.44831
1832,237.23969,11I,2.201122,41.44718
1659,407.41354,11I,2.199256,41.44458
1455,327.04712,11I,2.199823,41.44167
603,314.12369,11I,2.200792,41.43919
589,380.43184,11I,2.204819,41.43920
1446,318.35428,11I,2.208038,41.43925
1024,315.17045,11I,2.208287,41.43666
1435,389.03576,11I,2.203699,41.43612
1436,285.39209,11I,2.200978,41.43646
2593,391.34593,11I,2.199386,41.43867
2594,348.73482,11I,2.196138,41.43677
1338,539.16062,11I,2.192412,41.43358
1943,269.32087,11I,2.193420,41.43130
1344,178.78621,11I,2.193125,41.43016
873,331.74038,11I,2.189156,41.43020
874,306.9396,11I,2.185482,41.43025
1590,299.24825,11I,2.181902,41.43027
1591,349.51377,11I,2.177721,41.43032
1925,233.86342,11I,2.177743,41.43211
1926,310.60262,11I,2.179699,41.43448
3423,268.58378,11I,2.180517,41.43682
1927,253.90889,11I,2.181590,41.43892
805,256.14913,11I,2.179162,41.43903
973,490.84315,11I,2.174716,41.43947
974,316.96964,11I,2.172807,41.44183
3514,155.28654,11I,2.171991,41.44309
497,318.46668,11I,2.172429,41.44552
725,273.49359,11I,2.174267,41.44735
1960,225.07263,11I,2.176443,41.44856
1960,0.0,11V,2.176443,41.44856
752,857.16148,11V,2.182143,41.44892
1548,219.29086,11V,2.180499,41.44738
817,323.58686,11V,2.177481,41.44585
813,261.79144,11V,2.174626,41.44488
15,239.98744,11V,2.172054,41.44391
1172,136.85317,11V,2.172257,41.44344
975,211.81149,11V,2.174337,41.44397
1549,198.91879,11V,2.175553,41.44243
804,294.12099,11V,2.176252,41.44042
818,743.13866,11V,2.179271,41.43889
154,273.35144,11V,2.182502,41.43928
1932,379.27294,11V,2.182286,41.43661
2454,274.23987,11V,2.181472,41.43422
2914,197.13292,11V,2.180896,41.43249
2915,382.58581,11V,2.180691,41.42905
1339,406.42296,11V,2.185140,41.42861
1351,370.31319,11V,2.189329,41.42789
1714,170.57328,11V,2.191345,41.42770
327,250.8923,11V,2.194257,41.42815
3284,410.41516,11V,2.194825,41.43092
3283,323.86177,11V,2.192702,41.43333
3282,124.62801,11V,2.192853,41.43423
2583,245.3909,11V,2.194653,41.43575
2590,514.9464,11V,2.197688,41.43889
2588,375.21472,11V,2.200534,41.43776
360,319.4787,11V,2.201627,41.43579
1023,204.13662,11V,2.204051,41.43601
588,325.30451,11V,2.207896,41.43647
1453,387.44418,11V,2.208097,41.43949
1780,330.71276,11V,2.204478,41.43922
3750,222.51443,11V,2.203501,41.44065
159,384.2967,11V,2.202692,41.44405
2394,428.74415,11V,2.200951,41.44763
1418,172.53873,11V,2.199742,41.44856
3345,610.15804,11V,2.199291,41.44439
3346,695.27273,11V,2.193332,41.44239
1515,654.99743,11V,2.190653,41.44586
1712,222.29927,11V,2.190508,41.44786
877,222.69274,11V,2.189744,41.44945
3402,293.24564,11V,2.189205,41.45202
1409,167.8636,11V,2.189525,41.45344
1408,149.15833,11V,2.190832,41.45435
2801,279.14041,11V,2.193639,41.45397
453,162.64794,11V,2.193778,41.45281
977,374.16651,11V,2.192426,41.44984
2630,367.84593,11V,2.190692,41.44872
2619,165.86226,11V,2.189627,41.44795
3567,0.0,13I,2.160074,41.37635
1370,197.4239,13I,2.158371,41.37723
1255,423.21715,13I,2.154669,41.37737
776,266.69211,13I,2.152408,41.37568
943,534.4734,13I,2.149570,41.37412
264,437.48228,13I,2.149875,41.37116
265,421.22858,13I,2.146283,41.36941
1563,496.63188,13I,2.144103,41.36619
1564,328.46264,13I,2.143510,41.36434
1565,210.3738,13I,2.141488,41.36545
2255,284.40568,13I,2.140599,41.36373
1954,291.27387,13I,2.140537,41.36256
1912,456.99163,13I,2.140330,41.36059
1914,453.87585,13I,2.144037,41.35841
3250,455.13879,13I,2.147967,41.36108
2564,584.47521,13I,2.150627,41.35988
2565,350.99653,13I,2.153870,41.36180
2566,261.25976,13I,2.156699,41.36274
3251,361.8118,13I,2.157294,41.36571
3253,198.71949,13I,2.158017,41.36647
3253,0.0,13V,2.158017,41.36647
3252,611.33907,13V,2.157466,41.36519
3000,614.32263,13V,2.152954,41.36158
2999,273.24558,13V,2.150532,41.36000
3002,500.16178,13V,2.147852,41.36136
420,98.16613,13V,2.147294,41.36071
1915,306.38092,13V,2.144479,41.35946
1916,152.47169,13V,2.143043,41.36031
1917,184.02859,13V,2.141343,41.36131
1955,221.65105,13V,2.141768,41.36289
2256,146.93868,13V,2.140598,41.36385
1566,278.94851,13V,2.141661,41.36531
1567,175.4738,13V,2.143334,41.36437
1568,256.32672,13V,2.144960,41.36538
1569,396.80711,13V,2.144628,41.36807
945,269.92883,13V,2.146999,41.36942
8,375.3983,13V,2.150118,41.37104
393,393.49694,13V,2.150107,41.37382
3247,209.33813,13V,2.150187,41.37549
204,695.28894,13V,2.156056,41.37657
137,249.40908,13V,2.158158,41.37817
3567,405.69776,13V,2.160074,41.37635
2833,0.0,19I,2.169210,41.38880
1040,629.94331,19I,2.173322,41.38878
780,348.92807,19I,2.177001,41.38971
39,520.85682,19I,2.178786,41.39255
317,461.00632,19I,2.175272,41.39547
63,331.65219,19I,2.172390,41.39738
1228,236.90851,19I,2.171627,41.39887
1318,285.84647,19I,2.174057,41.40068
1140,757.34053,19I,2.177351,41.40564
216,263.99201,19I,2.175125,41.40733
307,421.0419,19I,2.175154,41.41003
212,398.4122,19I,2.178475,41.41260
1305,361.17723,19I,2.180783,41.41515
1008,434.87487,19I,2.180738,41.41902
1037,341.96266,19I,2.179568,41.42179
1937,379.39981,19I,2.176972,41.42460
370,396.35652,19I,2.173042,41.42639
371,401.99921,19I,2.168463,41.42747
2234,445.1056,19I,2.163267,41.42776
2235,284.58406,19I,2.160296,41.42651
3633,227.41181,19I,2.158020,41.42540
2348,146.52906,19I,2.156593,41.42464
2349,327.50362,19I,2.153674,41.42553
1314,149.18865,19I,2.152039,41.42521
1315,321.48251,19I,2.148792,41.42398
435,314.28041,19I,2.145477,41.42275
436,222.90545,19I,2.143006,41.42204
1372,209.52748,19I,2.141292,41.42234
2911,398.14912,19I,2.141409,41.42510
681,292.21201,19I,2.138919,41.42664
1188,252.6175,19I,2.136839,41.42751
51,241.81511,19I,2.138266,41.42938
30,126.62518,19I,2.138144,41.42942
30,0.0,19V,2.138144,41.42942
1187,170.46886,19V,2.137190,41.42808
734,176426,19V,2.136988,41.42702
733,136.91461,19V,2.138542,41.42661
732,266.20775,19V,2.140704,41.42515
1019,171.23688,19V,2.141720,41.42432
1020,321.81438,19V,2.140500,41.42157
1702,325.36727,19V,2.141632,41.42146
749,217.90778,19V,2.143729,41.42075
164,267.78266,19V,2.146678,41.42168
1324,268.55655,19V,2.148814,41.42323
845,353.64754,19V,2.152114,41.42483
1407,246.52713,19V,2.154498,41.42609
1410,318.24354,19V,2.157582,41.42756
402,233.92263,19V,2.160100,41.42845
475,265.05155,19V,2.162846,41.42868
1235,191.67303,19V,2.164693,41.42776
649,292.29552,19V,2.168142,41.42736
652,422.57197,19V,2.172962,41.42627
1232,431.18221,19V,2.177085,41.42424
1345,293.09955,19V,2.179091,41.42207
1660,399.34635,19V,2.180476,41.41888
859,426.21101,19V,2.179668,41.41526
233,316.61465,19V,2.176982,41.41325
243,414.03096,19V,2.173479,41.41062
634,357.79678,19V,2.171569,41.40820
1141,383.07834,19V,2.174817,41.40577
1297,283.90288,19V,2.175936,41.40395
3341,422.54614,19V,2.172350,41.40127
1492,401.19684,19V,2.170429,41.39862
3391,247.90484,19V,2.172521,41.39704
315,254.52073,19V,2.174670,41.39541
3241,509.23284,19V,2.178677,41.39240
123,207.97588,19V,2.178718,41.39127
148,257.0437,19V,2.175962,41.39024
1069,299.02004,19V,2.172785,41.38902
2833,361.78778,19V,2.169210,41.38880
3418,0.0,21I,2.167489,41.37548
770,642.02745,21I,2.164506,41.37486
1061,211.94796,21I,2.167040,41.37486
722,300.8735,21I,2.170634,41.37479
723,350.31904,21I,2.174798,41.37451
719,221.0012,21I,2.175362,41.37307
3254,2921.37028,21I,2.155308,41.35316
1736,1681.61158,21I,2.148719,41.34692
1671,1126.20151,21I,2.142219,41.34670
1669,806.8561,21I,2.145283,41.34392
1640,538.44331,21I,2.142583,41.33952
3760,482.46251,21I,2.140145,41.33558
1641,583.0168,21I,2.137356,41.33104
1642,229.80714,21I,2.136190,41.32916
1614,287.39126,21I,2.133332,41.32961
2808,454.02647,21I,2.128470,41.33128
2809,248.74988,21I,2.125813,41.33221
2810,317.67142,21I,2.122372,41.33342
2811,360.70933,21I,2.118464,41.33479
2812,1660.8676,21I,2.111456,41.33382
2813,565.50399,21I,2.111918,41.32885
3359,1199.61485,21I,2.103523,41.32274
3360,204.96565,21I,2.102165,41.32428
3361,116.16344,21I,2.101438,41.32517
1015,413.27732,21I,2.098731,41.32737
1016,402.22809,21I,2.094454,41.32572
3132,507.68803,21I,2.088940,41.32391
2819,381.59344,21I,2.087030,41.32644
3289,249.16877,21I,2.086791,41.32833
3001,610.54122,21I,2.090552,41.33102
3001,0.0,21V,2.090552,41.33102
3288,466.71986,21V,2.086651,41.32841
2821,375.48255,21V,2.086912,41.32608
3095,415.28008,21V,2.089328,41.32380
1014,535.22538,21V,2.095148,41.32573
1442,387.21601,21V,2.099254,41.32734
3364,306.13128,21V,2.101133,41.32534
3375,154.58033,21V,2.102095,41.32415
3376,206.17976,21V,2.103457,41.32260
2827,1201.59575,21V,2.112304,41.32867
2828,568.16562,21V,2.111608,41.33357
1617,904.48546,21V,2.119036,41.33434
1618,356.81758,21V,2.122905,41.33299
1619,224.84151,21V,2.125338,41.33213
1615,281.07819,21V,2.128353,41.33108
1610,331.58269,21V,2.131948,41.32982
1741,608.7613,21V,2.137156,41.32986
1638,646.89256,21V,2.140311,41.33494
1639,373.60168,21V,2.142164,41.33801
1670,1278.45696,21V,2.142280,41.34673
1781,603.82402,21V,2.148775,41.34701
2989,1299.1434,21V,2.158289,41.35208
721,2726.63537,21V,2.174318,41.37145
1326,617.95042,21V,2.174640,41.37478
1004,337.22842,21V,2.170618,41.37503
3418,284.0448,21V,2.167489,41.37548
3032,0.0,22I,2.170859,41.38835
561,183.80614,22I,2.169250,41.38891
313,202.85246,22I,2.167559,41.39013
55,252.16396,22I,2.165503,41.39179
1136,261.88576,22I,2.163362,41.39352
281,397.27232,22I,2.160124,41.39614
1391,347.45607,22I,2.157307,41.39835
1260,286.50024,22I,2.155028,41.40027
1261,224.13823,22I,2.153274,41.40180
1117,209.30084,22I,2.152181,41.40347
1116,348.37068,22I,2.150079,41.40617
118,455.76735,22I,2.147711,41.40925
2800,359.54139,22I,2.144566,41.41141
847,288.13885,22I,2.144370,41.41302
848,355.63938,22I,2.146379,41.41542
849,298.27605,22I,2.147738,41.41783
850,286.2378,22I,2.149116,41.42014
998,199.65578,22I,2.151356,41.42012
999,422.73366,22I,2.155033,41.41984
544,324.4769,22I,2.158038,41.41900
546,371.41533,22I,2.161840,41.42069
423,191.94938,22I,2.164007,41.42021
441,190.45779,22I,2.164918,41.42012
441,0.0,22V,2.164918,41.42012
2138,275.62419,22V,2.161802,41.42081
266,354.7458,22V,2.158197,41.41914
1000,341.28285,22V,2.155084,41.41994
1001,450.16169,22V,2.151003,41.42023
851,190.65736,22V,2.148918,41.42007
852,300.82643,22V,2.147552,41.41760
853,305.12464,22V,2.145924,41.41530
1195,320.33545,22V,2.144235,41.41306
22,255.51864,22V,2.143973,41.41136
1119,427.89067,22V,2.147060,41.40862
557,363.49777,22V,2.149836,41.40611
1533,390.89831,22V,2.150029,41.40280
1522,200.23045,22V,2.151112,41.40122
1387,269.3416,22V,2.152383,41.39920
286,381.00184,22V,2.155036,41.39642
1144,517.90165,22V,2.160115,41.39589
1497,386.58625,22V,2.163271,41.39334
182,263.78901,22V,2.165430,41.39161
577,256.96381,22V,2.167520,41.38991
3032,661.86446,22V,2.170859,41.38835
2775,0.0,23I,2.148751,41.37456
943,91.25888,23I,2.149570,41.37412
265,858.71086,23I,2.146283,41.36941
343,395.72779,23I,2.144752,41.36632
3837,487.61889,23I,2.147087,41.36264
3294,905.71744,23I,2.143858,41.35840
199,538.9073,23I,2.142976,41.35439
1045,371.39412,23I,2.145138,41.35147
1669,909.38662,23I,2.145283,41.34392
2249,821.84124,23I,2.137891,41.34394
2251,631.41204,23I,2.131017,41.34300
2246,1264.47244,23I,2.124734,41.34059
2246,0.0,23V,2.124734,41.34059
3442,280.60008,23V,2.127758,41.34142
2252,317.58565,23V,2.130876,41.34275
2250,670.83182,23V,2.137980,41.34381
1670,726.44694,23V,2.142280,41.34673
200,1104.03845,23V,2.145339,41.35169
1323,386.11529,23V,2.143168,41.35476
1914,493.63422,23V,2.144037,41.35841
3836,1003.42405,23V,2.146700,41.36294
1030,638.04653,23V,2.145137,41.36780
945,262.43123,23V,2.146999,41.36942
393,768.89524,23V,2.150107,41.37382
2775,355.70577,23V,2.148751,41.37456
1208,0.0,24I,2.168831,41.38757
313,462.97365,24I,2.167559,41.39013
55,252.16396,24I,2.165503,41.39179
1136,261.88576,24I,2.163362,41.39352
281,397.27232,24I,2.160124,41.39614
1391,347.45607,24I,2.157307,41.39835
1260,286.50024,24I,2.155028,41.40027
1261,224.13823,24I,2.153274,41.40180
1117,209.30084,24I,2.152181,41.40347
1116,348.37068,24I,2.150079,41.40617
505,487.43065,24I,2.153526,41.40884
368,317.67115,24I,2.156636,41.41046
1328,345.05608,24I,2.159770,41.41134
1299,286.51204,24I,2.160759,41.41319
1214,177.69243,24I,2.160693,41.41397
1215,252.65236,24I,2.158412,41.41520
1223,197.36093,24I,2.156793,41.41578
1217,349.98537,24I,2.156468,41.41646
1447,531.82192,24I,2.158451,41.41721
1448,105.68451,24I,2.157657,41.41795
268,203.2736,24I,2.158382,41.41935
269,227.99736,24I,2.160418,41.42065
272,315.17132,24I,2.163092,41.42091
267,194.66284,24I,2.162704,41.42106
267,0.0,24V,2.162704,41.42106
270,303.23747,24V,2.160177,41.42063
271,269.05434,24V,2.157833,41.41902
1449,104.61966,24V,2.157314,41.41830
1218,208.10903,24V,2.158832,41.41683
1219,408.81414,24V,2.156457,41.41697
1221,406.46655,24V,2.156803,41.41564
1222,237.45991,24V,2.158604,41.41488
897,226.18202,24V,2.160814,41.41394
2776,307.9175,24V,2.159227,41.41239
2777,314.2219,24V,2.156349,41.41057
1513,339.29851,24V,2.153017,41.40890
1122,391.64687,24V,2.149510,41.40674
1533,471.88274,24V,2.150029,41.40280
1522,200.23045,24V,2.151112,41.40122
1387,269.3416,24V,2.152383,41.39920
286,381.00184,24V,2.155036,41.39642
1144,517.90165,24V,2.160115,41.39589
1497,386.58625,24V,2.163271,41.39334
182,263.78901,24V,2.165430,41.39161
577,256.96381,24V,2.167520,41.38991
1208,400.54834,24V,2.168831,41.38757
3167,0.0,27I,2.141436,41.37946
777,243.39431,27I,2.143614,41.38047
217,357.23429,27I,2.142701,41.38288
1253,391.94343,27I,2.142976,41.38641
1554,313.44768,27I,2.143560,41.38919
136,200.24163,27I,2.144052,41.39095
1546,299.52707,27I,2.146620,41.39202
932,533.64598,27I,2.148503,41.39534
1525,422.85272,27I,2.152365,41.39781
1262,250.74083,27I,2.152292,41.39956
120,246.14452,27I,2.151229,41.40152
1123,263.48955,27I,2.150081,41.40363
1118,247.63705,27I,2.150125,41.40574
119,368.36387,27I,2.148950,41.40859
350,256.13638,27I,2.147010,41.41038
1508,292.37867,27I,2.144332,41.41205
478,279.55339,27I,2.143118,41.41401
47,270.34317,27I,2.141929,41.41626
1542,331.97166,27I,2.140920,41.41911
1372,370.57563,27I,2.141292,41.42234
1252,346.57255,27I,2.142908,41.42519
48,320.18649,27I,2.144165,41.42791
704,398.27741,27I,2.145728,41.43131
614,531.6709,27I,2.148345,41.43562
1427,486.27341,27I,2.153169,41.43797
1440,404.76,27I,2.157767,41.43908
2728,565.0585,27I,2.163225,41.44052
231,157.20795,27I,2.162056,41.44153
2585,192.58855,27I,2.162304,41.44285
24,347.19531,27I,2.165218,41.44432
25,232.16186,27I,2.167787,41.44483
20,288.20356,27I,2.170821,41.44438
497,190.99903,27I,2.172429,41.44552
17,225.45197,27I,2.171609,41.44665
17,0.0,27V,2.171609,41.44665
1174,181.52742,27V,2.170969,41.44516
2269,345.8503,27V,2.169597,41.44296
2260,259.83723,27V,2.166796,41.44194
2261,312.51091,27V,2.163441,41.44073
232,149.39523,27V,2.161720,41.44067
1441,313.48183,27V,2.158333,41.43971
607,773.7554,27V,2.149735,41.43718
1148,329.71254,27V,2.147039,41.43503
3476,356.62416,27V,2.145400,41.43206
1147,164.51933,27V,2.144753,41.43066
3221,340.41095,27V,2.143401,41.42777
1019,408.21935,27V,2.141720,41.42432
1020,321.81438,27V,2.140500,41.42157
1002,433.38982,27V,2.140920,41.41808
713,310.04992,27V,2.142254,41.41548
400,243.53224,27V,2.142903,41.41342
533,237.64887,27V,2.144399,41.41188
129,372.99323,27V,2.147621,41.40962
557,506.69473,27V,2.149836,41.40611
1580,421.78802,27V,2.148995,41.40279
336,302.7051,27V,2.147887,41.40085
1390,399.47153,27V,2.151127,41.39828
3557,427.18892,27V,2.148727,41.39564
3558,365.76591,27V,2.145435,41.39348
65,338.11716,27V,2.143748,41.39160
375,238.27403,27V,2.143136,41.38950
397,348.81556,27V,2.142477,41.38640
1414,582.51448,27V,2.142088,41.38116
3167,281.69775,27V,2.141436,41.37946
1484,0.0,33I,2.114728,41.38768
2586,271.77273,33I,2.116580,41.38627
2543,253.80136,33I,2.118733,41.38584
492,375.25574,33I,2.122984,41.38693
493,228.61421,33I,2.125576,41.38758
494,296.15899,33I,2.128933,41.38844
42,410.85184,33I,2.133589,41.38962
373,248.4179,33I,2.136404,41.39033
822,344.71832,33I,2.140309,41.39133
168,556.82945,33I,2.146354,41.39311
929,367.33555,33I,2.150520,41.39417
94,428.89334,33I,2.155381,41.39540
1080,467.27916,33I,2.160649,41.39673
9698,436529,33I,2.165612,41.39784
1228,612.71992,33I,2.171627,41.39887
1318,285.84647,33I,2.174057,41.40068
784,396.72645,33I,2.177417,41.40320
244,233.51946,33I,2.179402,41.40468
308,283.48019,33I,2.181804,41.40648
2335,449.46895,33I,2.185612,41.40934
337,293.87906,33I,2.188089,41.41122
828,447.86478,33I,2.192044,41.41235
105,412.41843,33I,2.195547,41.41497
398,238.20885,33I,2.197569,41.41648
541,263.45449,33I,2.199803,41.41815
1451,268.51149,33I,2.202078,41.41986
2683,448.12199,33I,2.204613,41.42278
971,391.96898,33I,2.201282,41.42527
3504,494.3977,33I,2.202429,41.42870
3505,316.99753,33I,2.198637,41.42857
2473,428.63686,33I,2.199933,41.42613
2473,0.0,33V,2.199933,41.42613
1180,183.10486,33V,2.200925,41.42488
1181,395.59835,33V,2.204269,41.42235
542,363.60628,33V,2.201754,41.42006
1405,415.84358,33V,2.198229,41.41741
106,373.72778,33V,2.195057,41.41504
387,632.86597,33V,2.190514,41.41491
871,374.37874,33V,2.187359,41.41252
1224,346.08994,33V,2.184429,41.41032
234,473.28224,33V,2.180416,41.40731
1072,270.76553,33V,2.178123,41.40559
1297,257.75111,33V,2.175936,41.40395
3341,422.54614,33V,2.172350,41.40127
1227,226.19159,33V,2.170428,41.39983
122,191.12324,33V,2.168610,41.39888
147,243.22273,33V,2.165846,41.39819
1520,488.24531,33V,2.160304,41.39680
1425,476.5624,33V,2.154912,41.39544
928,397.83538,33V,2.150402,41.39430
1098,400.98416,33V,2.145855,41.39315
524,544.99573,33V,2.140022,41.39164
41,326.30906,33V,2.136321,41.39071
483,415.38158,33V,2.131617,41.38951
237,372.87849,33V,2.127385,41.38844
458,514.80465,33V,2.121552,41.38696
21,478.06799,33V,2.116136,41.38559
2541,282.39483,33V,2.112929,41.38478
2716,392.66025,33V,2.111525,41.38606
1484,340.59145,33V,2.114728,41.38768
865,0.0,34I,2.123835,41.39047
1883,208.22131,34I,2.125635,41.38978
494,435.12357,34I,2.128933,41.38844
42,410.85184,34I,2.133589,41.38962
373,248.4179,34I,2.136404,41.39033
822,344.71832,34I,2.140309,41.39133
168,556.82945,34I,2.146354,41.39311
929,367.33555,34I,2.150520,41.39417
94,428.89334,34I,2.155381,41.39540
1080,467.27916,34I,2.160649,41.39673
9698,436529,34I,2.165612,41.39784
1228,612.71992,34I,2.171627,41.39887
1318,285.84647,34I,2.174057,41.40068
784,396.72645,34I,2.177417,41.40320
244,233.51946,34I,2.179402,41.40468
308,283.48019,34I,2.181804,41.40648
2335,449.46895,34I,2.185612,41.40934
337,293.87906,34I,2.188089,41.41122
381,381.41392,34I,2.190630,41.41398
162,415.82227,34I,2.191488,41.41765
1791,380.57103,34I,2.191310,41.42108
946,310.05158,34I,2.191777,41.42368
947,370.73218,34I,2.191710,41.42701
327,304.65117,34I,2.194257,41.42815
1344,486.67756,34I,2.193125,41.43016
873,331.74038,34I,2.189156,41.43020
874,306.9396,34I,2.185482,41.43025
1590,299.24825,34I,2.181902,41.43027
1591,349.51377,34I,2.177721,41.43032
3404,403.27663,34I,2.174280,41.42917
3381,249.86905,34I,2.176095,41.42812
3381,0.0,34V,2.176095,41.42812
875,338.88207,34V,2.179436,41.42861
1339,476.24807,34V,2.185140,41.42861
1351,370.31319,34V,2.189329,41.42789
409,280.37381,34V,2.190915,41.42631
454,365.76111,34V,2.191081,41.42302
1792,535.32451,34V,2.191309,41.41821
387,384.86062,34V,2.190514,41.41491
871,374.37874,34V,2.187359,41.41252
1224,346.08994,34V,2.184429,41.41032
234,473.28224,34V,2.180416,41.40731
1072,270.76553,34V,2.178123,41.40559
1297,257.75111,34V,2.175936,41.40395
3341,422.54614,34V,2.172350,41.40127
1227,226.19159,34V,2.170428,41.39983
122,191.12324,34V,2.168610,41.39888
147,243.22273,34V,2.165846,41.39819
1520,488.24531,34V,2.160304,41.39680
1425,476.5624,34V,2.154912,41.39544
928,397.83538,34V,2.150402,41.39430
1098,400.98416,34V,2.145855,41.39315
524,544.99573,34V,2.140022,41.39164
520,263.73991,34V,2.136994,41.39159
512,361.49367,34V,2.132753,41.39224
239,410.99181,34V,2.128122,41.39212
699,321.70708,34V,2.126240,41.39385
2362,298.68889,34V,2.124073,41.39419
2384,215.02699,34V,2.121975,41.39307
865,394.24273,34V,2.123835,41.39047
1071,0.0,39I,2.172532,41.38909
230,326.72765,39I,2.172837,41.39018
321,285.74475,39I,2.170422,41.39200
60,296.0151,39I,2.167924,41.39389
841,262.75247,39I,2.165706,41.39557
146,385.97554,39I,2.163744,41.39807
1089,266.34627,39I,2.165990,41.39976
213,260.67055,39I,2.167162,41.40150
1388,392.61033,39I,2.163850,41.40401
1335,298.40214,39I,2.162516,41.40611
787,249.18777,39I,2.160791,41.40794
187,253.49326,39I,2.159030,41.40980
1328,259.43978,39I,2.159770,41.41134
1086,327.4297,39I,2.162951,41.41307
245,405.47224,39I,2.166881,41.41516
495,290.71414,39I,2.169892,41.41605
626,265.5328,39I,2.171696,41.41798
3780,392.44061,39I,2.172990,41.42128
650,71.8998,39I,2.173151,41.42184
650,0.0,39V,2.173151,41.42184
898,113.45768,39V,2.172909,41.42122
437,316.8865,39V,2.171943,41.41857
459,280.30507,39V,2.170129,41.41649
460,246.87926,39V,2.167730,41.41572
447,264.47192,39V,2.164890,41.41483
1316,227.89518,39V,2.162303,41.41417
1104,166.75968,39V,2.161532,41.41311
1329,375.72428,39V,2.163589,41.41036
1385,476.53982,39V,2.158927,41.40790
910,251.34331,39V,2.156613,41.40645
911,255.29836,39V,2.154317,41.40493
1394,236.31461,39V,2.155889,41.40326
218,353.70502,39V,2.158727,41.40091
219,311.48562,39V,2.160995,41.39868
1135,330.09396,39V,2.162074,41.39646
1490,300.55632,39V,2.164609,41.39454
174,281.71409,39V,2.166988,41.39275
226,282.72585,39V,2.169374,41.39094
1071,634.58053,39V,2.172532,41.38909
1064,0.0,46I,2.152561,41.37483
1185,148.12434,46I,2.152629,41.37512
108,471.44627,46I,2.147975,41.37439
421,367.74606,46I,2.144950,41.37199
907,276.29868,46I,2.142617,41.37023
895,305.78132,46I,2.140016,41.36829
183,399.99304,46I,2.136559,41.36582
3023,335.36662,46I,2.133837,41.36380
3024,299.74026,46I,2.131302,41.36190
2965,335.63203,46I,2.128463,41.35976
92,222.5248,46I,2.126576,41.35835
2966,302.49029,46I,2.124157,41.35653
1434,245.84587,46I,2.122077,41.35497
1611,1117.10306,46I,2.112261,41.34827
1612,290.37543,46I,2.110239,41.34616
1789,563.07853,46I,2.105186,41.34316
2664,6618.2307,46I,2.068817,41.30143
3047,635.7449,46I,2.075774,41.30287
3048,323.23718,46I,2.079259,41.30412
3041,234.44687,46I,2.081807,41.30500
3291,2986.92612,46I,2.054485,41.29969
3307,983.49462,46I,2.054059,41.29193
3043,1998.52496,46I,2.073282,41.28756
3043,0.0,46V,2.073282,41.28756
3290,2717.72434,46V,2.055582,41.29806
3372,812.67382,46V,2.064358,41.30099
3197,380.91437,46V,2.068090,41.30154
79,711.37978,46V,2.075946,41.30293
80,313.62858,46V,2.079325,41.30415
81,234.78248,46V,2.081874,41.30503
917,5738.63373,46V,2.106545,41.34262
916,504.71748,46V,2.110728,41.34582
334,286.24182,46V,2.113360,41.34744
91,825.60382,46V,2.120214,41.35276
2968,432.56639,46V,2.123852,41.35549
472,315.22933,46V,2.126403,41.35741
2970,297.07643,46V,2.128855,41.35930
185,378.33112,46V,2.131960,41.36178
2363,294.7396,46V,2.134440,41.36366
1173,343.12353,46V,2.137155,41.36578
868,262.59872,46V,2.139298,41.36750
941,313.76142,46V,2.141953,41.36950
1310,345.89144,46V,2.144880,41.37170
389,423.07591,46V,2.148575,41.37429
1064,356.58368,46V,2.152561,41.37483
1281,0.0,47I,2.196458,41.38581
1284,364.7198,47I,2.194608,41.38316
1282,350.20667,47I,2.192840,41.38030
1604,141.49206,47I,2.192132,41.37915
3348,228.90432,47I,2.189690,41.37843
955,353.94506,47I,2.187433,41.37999
1164,378.55025,47I,2.185004,41.38255
1382,342.43944,47I,2.185399,41.38483
1129,436.84339,47I,2.183053,41.38780
130,258.0067,47I,2.183528,41.38950
3141,264.54669,47I,2.181294,41.39118
123,238.93148,47I,2.178718,41.39127
148,257.0437,47I,2.175962,41.39024
230,319.20164,47I,2.172837,41.39018
321,285.74475,47I,2.170422,41.39200
60,296.0151,47I,2.167924,41.39389
841,262.75247,47I,2.165706,41.39557
146,385.97554,47I,2.163744,41.39807
1089,266.34627,47I,2.165990,41.39976
213,260.67055,47I,2.167162,41.40150
949,525.15302,47I,2.168282,41.40487
913,409.83593,47I,2.171759,41.40747
307,401.07229,47I,2.175154,41.41003
212,398.4122,47I,2.178475,41.41260
1305,361.17723,47I,2.180783,41.41515
1008,434.87487,47I,2.180738,41.41902
1037,341.96266,47I,2.179568,41.42179
1887,385.6541,47I,2.177417,41.42475
1907,210.82403,47I,2.177280,41.42664
1906,299.29683,47I,2.177415,41.42931
772,374.19968,47I,2.174619,41.43084
1510,318.45386,47I,2.173157,41.43348
1511,209.88366,47I,2.172226,41.43521
803,224.94891,47I,2.173483,41.43694
406,360.09386,47I,2.173479,41.43863
586,316.1806,47I,2.169728,41.43901
755,366.00595,47I,2.165384,41.43943
231,420.1885,47I,2.162056,41.44153
2585,192.58855,47I,2.162304,41.44285
24,347.19531,47I,2.165218,41.44432
25,232.16186,47I,2.167787,41.44483
18,259.97775,47I,2.170504,41.44429
18,0.0,47V,2.170504,41.44429
2269,321.77221,47V,2.169597,41.44296
2260,259.83723,47V,2.166796,41.44194
2261,312.51091,47V,2.163441,41.44073
1594,344.0983,47V,2.162485,41.43939
428,277.56232,47V,2.165759,41.43919
806,357.26131,47V,2.170002,41.43879
807,294.57707,47V,2.173494,41.43843
819,138.11757,47V,2.174051,41.43775
306,252.64605,47V,2.172374,41.43586
773,294.97995,47V,2.173054,41.43342
1589,330.36843,47V,2.174490,41.43077
1958,302.29133,47V,2.174700,41.42809
1095,215.26463,47V,2.175873,41.42639
1232,265.94968,47V,2.177085,41.42424
1345,293.09955,47V,2.179091,41.42207
1660,399.34635,47V,2.180476,41.41888
859,426.21101,47V,2.179668,41.41526
233,316.61465,47V,2.176982,41.41325
243,414.03096,47V,2.173479,41.41062
783,363.23501,47V,2.170399,41.40831
3369,265.22743,47V,2.168156,41.40662
1225,269.95312,47V,2.165875,41.40490
633,323.8062,47V,2.164759,41.40275
121,223.28846,47V,2.165589,41.40131
1263,375.10297,47V,2.163438,41.39884
839,259.0669,47V,2.165625,41.39718
1490,396.86404,47V,2.164609,41.39454
174,281.71409,47V,2.166988,41.39275
226,282.72585,47V,2.169374,41.39094
3328,376.72716,47V,2.172561,41.38855
211,226.8453,47V,2.174463,41.38709
1602,334.2013,47V,2.177278,41.38496
667,393.11796,47V,2.180610,41.38244
1477,399.14637,47V,2.184434,41.38116
956,350.04934,47V,2.187254,41.37983
1605,382.6379,47V,2.190071,41.37839
1606,213.12381,47V,2.192297,41.37916
1283,165.04309,47V,2.193130,41.38051
273,375.44523,47V,2.195020,41.38358
1281,563.77982,47V,2.196458,41.38581
1079,0.0,52I,2.171447,41.38858
95,652.55109,52I,2.165804,41.38785
7,300.89812,52I,2.163309,41.38590
167,267604,52I,2.160998,41.38425
1468,244.90006,52I,2.158922,41.38269
206,403.74714,52I,2.155512,41.38011
774,424673,52I,2.151918,41.37741
3236,227.22035,52I,2.150002,41.37596
180,237.36923,52I,2.147537,41.37522
181,248.7302,52I,2.144563,41.37528
1365,439.73038,52I,2.139311,41.37538
1364,226.28336,52I,2.136603,41.37543
1767,195.45232,52I,2.134269,41.37548
1768,270.88771,52I,2.131028,41.37555
1756,186.84724,52I,2.128796,41.37560
856,381.87872,52I,2.125104,41.37642
1373,266.59361,52I,2.123686,41.37857
1361,487.8684,52I,2.121488,41.37605
1361,0.0,52V,2.121488,41.37605
1755,138.20905,52V,2.122872,41.37560
1766,425.74988,52V,2.127961,41.37549
707,328.48366,52V,2.131879,41.37541
708,203.83245,52V,2.134316,41.37536
584,207.81346,52V,2.136810,41.37531
179,238.63208,52V,2.139662,41.37525
391,437.96701,52V,2.144894,41.37515
392,163.77856,52V,2.146854,41.37511
3247,358.96254,52V,2.150187,41.37549
1254,438.61064,52V,2.153719,41.37838
1556,259.49896,52V,2.155913,41.38003
1469,375.02366,52V,2.159086,41.38242
927,307.11531,52V,2.161685,41.38437
1075,268.01107,52V,2.163970,41.38607
1209,291.55115,52V,2.166430,41.38793
1079,714.9879,52V,2.171447,41.38858
3389,0.0,54I,2.181817,41.39436
39,360.53249,54I,2.178786,41.39255
503,698.7268,54I,2.173665,41.39376
1246,286.83577,54I,2.171236,41.39193
1081,257.87118,54I,2.169054,41.39029
95,383.84996,54I,2.165804,41.38785
316,392.76607,54I,2.162533,41.38604
58,290.76569,54I,2.160079,41.38789
842,280.50194,54I,2.157709,41.38968
930,485.2009,54I,2.153472,41.39217
1466,452.60746,54I,2.149643,41.38929
1555,366.30786,54I,2.145812,41.38981
627,210.10087,54I,2.144035,41.38847
395,449.49386,54I,2.141561,41.38542
1575,410.70714,54I,2.136713,41.38496
855,320.46403,54I,2.133990,41.38390
3422,240.46491,54I,2.135295,41.38197
2690,360.75629,54I,2.131584,41.38069
1752,391.86778,54I,2.127706,41.37871
1753,241.7244,54I,2.125405,41.37739
1373,271.52514,54I,2.123686,41.37857
1713,441.67362,54I,2.119820,41.37705
1259,481.91275,54I,2.114639,41.37591
2984,225.51701,54I,2.114777,41.37717
2392,241.21062,54I,2.117166,41.37838
2392,0.0,54V,2.117166,41.37838
2399,473.11167,54V,2.121417,41.37748
1754,381.12967,54V,2.123659,41.37613
263,160.44668,54V,2.125151,41.37704
479,347.99001,54V,2.128468,41.37893
1576,421.96079,54V,2.132811,41.38081
1578,296.71298,54V,2.136062,41.38188
3767,242.11811,54V,2.138607,41.38292
396,226.14052,54V,2.140792,41.38412
628,288.39221,54V,2.143190,41.38599
208,272.1176,54V,2.145493,41.38772
1467,272.49518,54V,2.147794,41.38946
171,257.61281,54V,2.149974,41.39110
1268,406.84584,54V,2.153438,41.39105
1495,406.3024,54V,2.156872,41.38846
564,364.8797,54V,2.159951,41.38614
1075,455.85558,54V,2.163970,41.38607
1209,291.55115,54V,2.166430,41.38793
3805,476.74301,54V,2.170659,41.38924
3804,501.61826,54V,2.174908,41.39243
3803,278.70389,54V,2.177265,41.39421
3357,261.65397,54V,2.179477,41.39588
38,412.23921,54V,2.182931,41.39770
3389,525.27369,54V,2.181817,41.39436
1067,0.0,55I,2.172834,41.38932
1210,345.90059,55I,2.169316,41.38775
1124,377.4247,55I,2.165264,41.38626
3378,404.77654,55I,2.162683,41.38341
1366,285.03353,55I,2.161561,41.38150
1636,243.37007,55I,2.162654,41.37996
3589,359.27035,55I,2.161663,41.37755
1370,385.53588,55I,2.158371,41.37723
1255,423.21715,55I,2.154669,41.37737
1059,240.98897,55I,2.153416,41.37573
1369,158.88447,55I,2.154201,41.37450
280,354.89458,55I,2.156342,41.37208
279,264.09014,55I,2.159496,41.37216
278,210.34358,55I,2.160473,41.37152
789,196.11056,55I,2.158590,41.37051
2458,230.18379,55I,2.157980,41.36854
2341,286.21554,55I,2.156073,41.36854
2324,356.1808,55I,2.158379,41.36709
2567,316.89283,55I,2.157457,41.36652
2581,122.30321,55I,2.158748,41.36637
654,204.48206,55I,2.159774,41.36776
655,303.78188,55I,2.162942,41.36887
1826,204.12843,55I,2.165211,41.36863
1826,0.0,55V,2.165211,41.36863
656,306.51556,55V,2.161944,41.36893
657,228.1987,55V,2.159631,41.36786
2311,374.67629,55V,2.156169,41.36860
2459,272.14826,55V,2.158041,41.36843
2569,335.84574,55V,2.159483,41.37111
2568,205.70101,55V,2.160615,41.37263
2061,323.11965,55V,2.156881,41.37301
1368,307.48377,55V,2.155173,41.37419
444,213.25205,55V,2.155956,41.37565
204,145.18419,55V,2.156056,41.37657
137,249.40908,55V,2.158158,41.37817
1545,389.19207,55V,2.161454,41.38064
703,340.24302,55V,2.163775,41.38304
1076,304.19541,55V,2.164492,41.38562
1103,586.98133,55V,2.170845,41.38643
1067,484.68048,55V,2.172834,41.38932
3445,0.0,59I,2.201957,41.39413
2,392.48637,59I,2.198985,41.39310
1764,408.79948,59I,2.195773,41.39032
915,273.74698,59I,2.193668,41.38844
1285,324.32413,59I,2.195851,41.38627
1284,437.00834,59I,2.194608,41.38316
1282,350.20667,59I,2.192840,41.38030
1604,141.49206,59I,2.192132,41.37915
3348,228.90432,59I,2.189690,41.37843
955,353.94506,59I,2.187433,41.37999
1164,378.55025,59I,2.185004,41.38255
255,471.92905,59I,2.181474,41.38045
256,177.09655,59I,2.180378,41.37909
257,311.26138,59I,2.178442,41.37669
1289,420.84793,59I,2.175618,41.37872
1290,384.55643,59I,2.173078,41.38161
1258,473.59157,59I,2.170424,41.38536
1124,591.17626,59I,2.165264,41.38626
167,474.46609,59I,2.160998,41.38425
56,350.68381,59I,2.158017,41.38603
1137,401.39212,59I,2.154625,41.38859
214,268.68259,59I,2.152571,41.39043
1466,319.18993,59I,2.149643,41.38929
630,447.45084,59I,2.144807,41.39040
376,393.36575,59I,2.140634,41.39011
3242,251.2484,59I,2.138246,41.38873
991,259.20163,59I,2.135795,41.38731
484,325.58897,59I,2.132725,41.38551
485,311.27483,59I,2.129908,41.38369
291,465.30681,59I,2.127519,41.38524
2530,423.26948,59I,2.126874,41.38686
2530,0.0,59V,2.126874,41.38686
1378,295.36144,59V,2.127233,41.38421
709,310.23232,59V,2.128835,41.38273
1577,427.88625,59V,2.132669,41.38528
990,353.8816,59V,2.135869,41.38613
109,215.13707,59V,2.137456,41.38460
396,380.02821,59V,2.140792,41.38412
1253,322.47279,59V,2.142976,41.38641
1554,313.44768,59V,2.143560,41.38919
136,200.24163,59V,2.144052,41.39095
814,413.12993,59V,2.147597,41.39205
1264,418.50009,59V,2.151134,41.38938
1488,405.12485,59V,2.154554,41.38679
173,236.52367,59V,2.156551,41.38529
560,313.7107,59V,2.159201,41.38329
927,277.67075,59V,2.161685,41.38437
1075,268.01107,59V,2.163970,41.38607
1905,351.59792,59V,2.166933,41.38595
1296,308.08197,59V,2.170125,41.38505
1295,463.88689,59V,2.172813,41.38142
1325,478.01964,59V,2.175822,41.37778
252,467.56734,59V,2.178541,41.37669
253,279.3731,59V,2.180277,41.37884
254,208.32479,59V,2.181573,41.38044
1476,351.76893,59V,2.184129,41.38208
956,381.4272,59V,2.187254,41.37983
1605,382.6379,59V,2.190071,41.37839
1606,213.12381,59V,2.192297,41.37916
1283,165.04309,59V,2.193130,41.38051
273,375.44523,59V,2.195020,41.38358
413,372.61273,59V,2.194842,41.38625
662,351.25853,59V,2.195587,41.38837
698,310.18334,59V,2.196311,41.39042
34,382.9689,59V,2.199318,41.39302
3445,331.05095,59V,2.201957,41.39413
3393,0.0,60I,2.210836,41.42219
3681,196.15034,60I,2.211399,41.42353
3682,413.14454,60I,2.208918,41.42581
3683,246.75645,60I,2.206403,41.42696
3684,247.6203,60I,2.203898,41.42815
3685,444.13349,60I,2.205338,41.43128
2601,217.15948,60I,2.204854,41.43272
2599,291.42701,60I,2.201896,41.43411
1436,294.37787,60I,2.200978,41.43646
603,328.91284,60I,2.200792,41.43919
3750,357.74796,60I,2.203501,41.44065
159,384.2967,60I,2.202692,41.44405
2394,428.74415,60I,2.200951,41.44763
1418,172.53873,60I,2.199742,41.44856
1419,569.64747,60I,2.193567,41.44640
1711,487.24122,60I,2.189923,41.44711
189,479.55446,60I,2.184214,41.44682
83,307.88164,60I,2.180560,41.44646
817,265.71846,60I,2.177481,41.44585
813,261.79144,60I,2.174626,41.44488
15,239.98744,60I,2.172054,41.44391
2269,230.85706,60I,2.169597,41.44296
2260,259.83723,60I,2.166796,41.44194
2261,312.51091,60I,2.163441,41.44073
232,149.39523,60I,2.161720,41.44067
1441,313.48183,60I,2.158333,41.43971
607,773.7554,60I,2.149735,41.43718
1148,329.71254,60I,2.147039,41.43503
3476,356.62416,60I,2.145400,41.43206
1147,164.51933,60I,2.144753,41.43066
3221,340.41095,60I,2.143401,41.42777
1019,408.21935,60I,2.141720,41.42432
1020,321.81438,60I,2.140500,41.42157
3635,448572,60I,2.141584,41.42294
3635,0.0,60V,2.141584,41.42294
1252,275.42309,60V,2.142908,41.42519
48,320.18649,60V,2.144165,41.42791
704,398.27741,60V,2.145728,41.43131
614,531.6709,60V,2.148345,41.43562
1427,486.27341,60V,2.153169,41.43797
1440,404.76,60V,2.157767,41.43908
1519,474.55209,60V,2.163210,41.43973
769,383.31917,60V,2.167093,41.44147
16,292.74328,60V,2.170198,41.44269
1172,190.66613,60V,2.172257,41.44344
1487,351.85893,60V,2.176011,41.44487
1035,367.02758,60V,2.180146,41.44594
1176,348.32805,60V,2.184237,41.44649
2595,499.8663,60V,2.189064,41.44610
258,218.81969,60V,2.189160,41.44468
1204,394.86115,60V,2.193450,41.44617
1205,561.24401,60V,2.199543,41.44831
1832,237.23969,60V,2.201122,41.44718
1659,407.41354,60V,2.199256,41.44458
1455,327.04712,60V,2.199823,41.44167
2228,163.66269,60V,2.200090,41.44020
1454,416.77628,60V,2.203622,41.43931
13,202.7971,60V,2.204182,41.43759
1435,208.03051,60V,2.203699,41.43612
2592,305.32939,60V,2.200968,41.43522
2600,314.05549,60V,2.203279,41.43323
728,439.64094,60V,2.207740,41.43114
729,310.81521,60V,2.210868,41.42962
1744,403.53386,60V,2.210481,41.42683
3688,277.39934,60V,2.209254,41.42476
569,317.69181,60V,2.211272,41.42248
2547,341.4236,60V,2.209145,41.42029
3393,741.96682,60V,2.210836,41.42219
3781,0.0,62I,2.187143,41.41011
1489,106.71855,62I,2.187052,41.41107
3813,359.89474,62I,2.187067,41.41431
705,219.76902,62I,2.187071,41.41629
510,567.28544,62I,2.187089,41.42140
1663,233.02233,62I,2.187079,41.42350
328,217.07455,62I,2.186490,41.42540
431,253.52547,62I,2.185149,41.42745
1166,390.30385,62I,2.183016,41.43056
1167,360.32971,62I,2.183620,41.43333
1340,250.76843,62I,2.184424,41.43549
1341,474.11572,62I,2.186132,41.43952
1342,270.15614,62I,2.187520,41.44172
2321,370.36277,62I,2.190861,41.44275
1515,345.93376,62I,2.190653,41.44586
1712,222.29927,62I,2.190508,41.44786
1765,717.78011,62I,2.189160,41.45343
259,1023.78306,62I,2.183156,41.46091
3500,697.35792,62I,2.178825,41.46626
2330,784.66752,62I,2.178494,41.46157
1730,258.05725,62I,2.178200,41.46230
1707,323.73919,62I,2.177265,41.46268
1708,185.20046,62I,2.175881,41.46147
1706,260.29374,62I,2.173803,41.46049
1625,123.81011,62I,2.172568,41.45992
1626,186.56378,62I,2.170418,41.45966
2605,134.25993,62I,2.168910,41.45952
2604,158.55765,62I,2.168467,41.45985
2610,300.69921,62I,2.171967,41.46048
1733,193.23595,62I,2.174071,41.46121
1349,203.89222,62I,2.173652,41.46255
3173,225.32798,62I,2.171268,41.46335
2146,306.65692,62I,2.168563,41.46342
2147,265.37793,62I,2.170552,41.46193
2148,176.64229,62I,2.171957,41.46196
1350,211.16708,62I,2.174038,41.46220
1731,275.75205,62I,2.175517,41.46372
1732,221.59433,62I,2.178124,41.46355
1704,188.39736,62I,2.177347,41.46270
1703,181.28581,62I,2.175901,41.46154
2332,492.44641,62I,2.176780,41.45953
2332,0.0,62V,2.176780,41.45953
1705,284.9475,62V,2.179394,41.46118
878,138.3535,62V,2.179674,41.46214
879,256.78978,62V,2.181445,41.46072
885,1185.59454,62V,2.188737,41.45210
1778,450.59172,62V,2.187808,41.44814
1240,590.06036,62V,2.186209,41.44304
432,848.12064,62V,2.183797,41.43562
362,751.92785,62V,2.183647,41.42914
2648,184.79388,62V,2.184637,41.42766
511,326.98725,62V,2.186340,41.42501
455,348.13266,62V,2.186760,41.42193
8134,646.83101,62V,2.186745,41.41611
1908,204.25837,62V,2.186732,41.41427
1494,373.28305,62V,2.186716,41.41090
3613,324.21926,62V,2.186600,41.40799
3807,316.99522,62V,2.186249,41.40567
882,142.64919,62V,2.186509,41.40659
3781,407.61622,62V,2.187143,41.41011
3745,0.0,63I,2.165747,41.38684
316,424.23442,63I,2.162533,41.38604
58,290.76569,63I,2.160079,41.38789
938,525.2871,63I,2.155508,41.39030
214,362.59686,63I,2.152571,41.39043
1088,157.26636,63I,2.151077,41.39128
1098,548.89883,63I,2.145855,41.39315
524,544.99573,63I,2.140022,41.39164
41,326.30906,63I,2.136321,41.39071
483,415.38158,63I,2.131617,41.38951
237,372.87849,63I,2.127385,41.38844
765,532.47759,63I,2.121617,41.38811
1413,304.24414,63I,2.119078,41.39007
172,460.09698,63I,2.115241,41.39305
549,563.92005,63I,2.111625,41.39213
550,338.1008,63I,2.109028,41.38993
552,312.85481,63I,2.106575,41.38788
3358,121.57752,63I,2.105770,41.38696
591,272.26119,63I,2.103972,41.38492
1458,1205.78934,63I,2.094527,41.37954
1459,304.46254,63I,2.091657,41.37785
2697,352.38911,63I,2.087868,41.37747
1017,478.98921,63I,2.082200,41.37809
1697,407.03425,63I,2.077386,41.37863
1211,174.67542,63I,2.075891,41.37935
1052,182.03481,63I,2.075102,41.38088
1053,246.41597,63I,2.074091,41.38296
203,342.91619,63I,2.073006,41.38509
1829,379.7663,63I,2.069893,41.38262
1721,140.11957,63I,2.068690,41.38178
1720,207.18056,63I,2.066909,41.38049
89,619.13015,63I,2.061322,41.37919
90,254.68957,63I,2.058947,41.37776
88,301.05977,63I,2.056132,41.37607
88,0.0,63V,2.056132,41.37607
1722,137.80543,63V,2.056829,41.37537
3721,182.10915,63V,2.058518,41.37640
1723,176.30132,63V,2.060160,41.37740
1724,196.56571,63V,2.061993,41.37851
407,520.75672,63V,2.066954,41.38042
408,181.97294,63V,2.068519,41.38156
1054,349.89751,63V,2.071439,41.38274
1456,314.93171,63V,2.074213,41.38238
1212,243.09392,63V,2.075248,41.38034
1749,259.37039,63V,2.076868,41.37856
1750,222.23416,63V,2.079496,41.37826
1751,243.40314,63V,2.082373,41.37795
592,360.81985,63V,2.086646,41.37748
1746,568.99995,63V,2.091891,41.37782
1747,327.61612,63V,2.094963,41.37965
1881,1421.13354,63V,2.104711,41.38527
761,294.96612,63V,2.106660,41.38748
762,341.69218,63V,2.109146,41.38989
763,471.25202,63V,2.112003,41.39331
711,413.98633,63V,2.115192,41.39290
297,449.0578,63V,2.118936,41.39000
492,534.37199,63V,2.122984,41.38693
493,228.61421,63V,2.125576,41.38758
494,296.15899,63V,2.128933,41.38844
42,410.85184,63V,2.133589,41.38962
373,248.4179,63V,2.136404,41.39033
822,344.71832,63V,2.140309,41.39133
814,706.78145,63V,2.147597,41.39205
1264,418.50009,63V,2.151134,41.38938
165,512.12977,63V,2.155608,41.38683
3,269.46457,63V,2.157891,41.38854
98,259.04395,63V,2.160080,41.39019
175,271.66152,63V,2.162399,41.38937
562,276.82356,63V,2.164736,41.38761
3745,119.70953,63V,2.165747,41.38684
1062,0.0,65I,2.153057,41.37482
1185,106.78945,65I,2.152629,41.37512
108,471.44627,65I,2.147975,41.37439
421,367.74606,65I,2.144950,41.37199
907,276.29868,65I,2.142617,41.37023
895,305.78132,65I,2.140016,41.36829
183,399.99304,65I,2.136559,41.36582
3023,335.36662,65I,2.133837,41.36380
3024,299.74026,65I,2.131302,41.36190
2965,335.63203,65I,2.128463,41.35976
92,222.5248,65I,2.126576,41.35835
2966,302.49029,65I,2.124157,41.35653
1434,245.84587,65I,2.122077,41.35497
1611,1117.10306,65I,2.112261,41.34827
1612,290.37543,65I,2.110239,41.34616
1789,563.07853,65I,2.105186,41.34316
3491,2269.99907,65I,2.100182,41.33288
3301,294.80727,65I,2.102024,41.33121
3300,395.76834,65I,2.098503,41.32922
1015,267.71747,65I,2.098731,41.32737
1016,402.22809,65I,2.094454,41.32572
3441,444.04213,65I,2.095753,41.32242
1153,210.40833,65I,2.093473,41.32164
1043,391.31577,65I,2.090414,41.31968
585,224.05997,65I,2.091616,41.31788
1383,317.5661,65I,2.091029,41.31628
1652,292.96551,65I,2.087584,41.31675
1690,223.84749,65I,2.084950,41.31710
1042,152.90404,65I,2.083419,41.31763
2371,169.82892,65I,2.082033,41.31833
2372,705.72147,65I,2.075689,41.31691
3140,357.7514,65I,2.073800,41.31833
3140,0.0,65V,2.073800,41.31833
2373,282.0752,65V,2.072058,41.31616
2374,466.30972,65V,2.075555,41.31606
2375,660.6528,65V,2.082042,41.31812
1691,177.72913,65V,2.083350,41.31746
821,167.22739,65V,2.084971,41.31695
1384,224.97361,65V,2.087617,41.31659
1206,292.93071,65V,2.091060,41.31612
1044,443.34579,65V,2.091293,41.31864
2571,135.05797,65V,2.090689,41.31970
1155,378.31392,65V,2.093547,41.32155
3299,305.17807,65V,2.096084,41.32289
1014,406.88699,65V,2.095148,41.32573
1442,387.21601,65V,2.099254,41.32734
3488,282.00568,65V,2.098556,41.32940
3489,365.38744,65V,2.102083,41.33109
3490,326.61371,65V,2.100186,41.33300
1553,227.68996,65V,2.100882,41.33407
917,1571.99216,65V,2.106545,41.34262
916,504.71748,65V,2.110728,41.34582
334,286.24182,65V,2.113360,41.34744
91,825.60382,65V,2.120214,41.35276
2968,432.56639,65V,2.123852,41.35549
472,315.22933,65V,2.126403,41.35741
2970,297.07643,65V,2.128855,41.35930
185,378.33112,65V,2.131960,41.36178
2363,294.7396,65V,2.134440,41.36366
1173,343.12353,65V,2.137155,41.36578
868,262.59872,65V,2.139298,41.36750
941,313.76142,65V,2.141953,41.36950
1310,345.89144,65V,2.144880,41.37170
389,423.07591,65V,2.148575,41.37429
1982,379.4671,65V,2.152836,41.37482
1062,18.45147,65V,2.153057,41.37482
1271,0.0,67I,2.169525,41.38655
1124,439.38986,67I,2.165264,41.38626
316,306.93366,67I,2.162533,41.38604
58,290.76569,67I,2.160079,41.38789
842,280.50194,67I,2.157709,41.38968
930,485.2009,67I,2.153472,41.39217
1088,279.59907,67I,2.151077,41.39128
1098,548.89883,67I,2.145855,41.39315
524,544.99573,67I,2.140022,41.39164
41,326.30906,67I,2.136321,41.39071
483,415.38158,67I,2.131617,41.38951
237,372.87849,67I,2.127385,41.38844
766,420.9249,67I,2.122615,41.38723
21,571.94774,67I,2.116136,41.38559
2541,282.39483,67I,2.112929,41.38478
250,257.88331,67I,2.110016,41.38404
251,144.14651,67I,2.108385,41.38363
1458,1437.57602,67I,2.094527,41.37954
1459,304.46254,67I,2.091657,41.37785
2706,417.08532,67I,2.087633,41.37636
1411,384.74843,67I,2.084742,41.37369
644,255.66372,67I,2.082927,41.37185
645,296.75791,67I,2.080804,41.36971
1203,344.23296,67I,2.080389,41.36730
1202,282.61999,67I,2.082788,41.36550
1655,347.14372,67I,2.082815,41.36276
1656,301.2193,67I,2.080818,41.36049
353,371.30118,67I,2.077240,41.35965
354,211.94233,67I,2.074944,41.35939
355,190.71956,67I,2.072940,41.35919
3130,253.45708,67I,2.072666,41.35780
659,251.24414,67I,2.071681,41.35613
902,619.41933,67I,2.066788,41.35552
903,341.32408,67I,2.069307,41.35311
609,336.66075,67I,2.073082,41.35243
3833,234.76829,67I,2.075847,41.35281
3830,581.6473,67I,2.081549,41.35299
3830,0.0,67V,2.081549,41.35299
3832,511.69972,67V,2.076700,41.35277
597,323.61462,67V,2.079923,41.35382
357,422.11571,67V,2.077754,41.35505
358,435.72083,67V,2.073255,41.35643
3122,289.60882,67V,2.072176,41.35861
1156,197.43889,67V,2.073604,41.35892
1157,248.46816,67V,2.076264,41.35956
642,197.83916,67V,2.078231,41.36002
1199,288.41757,67V,2.081164,41.36052
1198,210.87834,67V,2.082364,41.36215
352,417.91784,67V,2.083071,41.36551
8285,257.62466,67V,2.080837,41.36709
151,328.50268,67V,2.081109,41.36964
748,407.75283,67V,2.083990,41.37260
1460,310.08156,67V,2.086176,41.37484
1461,318.05835,67V,2.088862,41.37682
1746,367.37563,67V,2.091891,41.37782
1747,327.61612,67V,2.094963,41.37965
309,1264.4046,67V,2.107874,41.38326
310,330.02893,67V,2.111612,41.38422
2542,356.84855,67V,2.115683,41.38507
2543,269.14332,67V,2.118733,41.38584
492,375.25574,67V,2.122984,41.38693
493,228.61421,67V,2.125576,41.38758
494,296.15899,67V,2.128933,41.38844
42,410.85184,67V,2.133589,41.38962
373,248.4179,67V,2.136404,41.39033
822,344.71832,67V,2.140309,41.39133
814,706.78145,67V,2.147597,41.39205
171,263.43607,67V,2.149974,41.39110
100,404.44906,67V,2.153392,41.39367
221,417.5851,67V,2.156883,41.39356
1493,378.7722,67V,2.160074,41.39113
175,275.53251,67V,2.162399,41.38937
562,276.82356,67V,2.164736,41.38761
1271,627.85321,67V,2.169525,41.38655
3570,0.0,68I,2.154553,41.38957
1088,406.09196,68I,2.151077,41.39128
282,296.80711,68I,2.148577,41.39318
988,248.06148,68I,2.146914,41.39483
989,324.23552,68I,2.144227,41.39694
1527,365.50709,68I,2.140765,41.39805
525,344.57475,68I,2.136674,41.39785
2288,257.1706,68I,2.133598,41.39784
2287,194.51395,68I,2.131274,41.39783
1572,173.23256,68I,2.129199,41.39783
133,294.00049,68I,2.125933,41.39843
134,231.24935,68I,2.124037,41.39994
1637,350.43876,68I,2.120795,41.39980
2681,243.93684,68I,2.118456,41.39848
764,454.30558,68I,2.114280,41.39601
549,500.50435,68I,2.111625,41.39213
550,338.1008,68I,2.109028,41.38993
552,312.85481,68I,2.106575,41.38788
3753,684.74136,68I,2.101237,41.38360
3752,145.80311,68I,2.099706,41.38364
3751,282.34271,68I,2.096538,41.38297
1458,727.81586,68I,2.094527,41.37954
1459,304.46254,68I,2.091657,41.37785
2706,417.08532,68I,2.087633,41.37636
1411,384.74843,68I,2.084742,41.37369
644,255.66372,68I,2.082927,41.37185
645,296.75791,68I,2.080804,41.36971
1197,438.08711,68I,2.077829,41.36665
1653,409.32129,68I,2.074910,41.36369
1654,348.33446,68I,2.072433,41.36117
3130,496.33999,68I,2.072666,41.35780
659,251.24414,68I,2.071681,41.35613
902,619.41933,68I,2.066788,41.35552
903,341.32408,68I,2.069307,41.35311
609,336.66075,68I,2.073082,41.35243
3833,234.76829,68I,2.075847,41.35281
3831,556.74667,68I,2.081416,41.35319
3831,0.0,68V,2.081416,41.35319
3832,536.60036,68V,2.076700,41.35277
597,323.61462,68V,2.079923,41.35382
357,422.11571,68V,2.077754,41.35505
358,435.72083,68V,2.073255,41.35643
3122,289.60882,68V,2.072176,41.35861
1200,338.11875,68V,2.072780,41.36113
1201,449.05157,68V,2.075946,41.36440
643,439.06673,68V,2.079058,41.36758
151,293.80074,68V,2.081109,41.36964
748,407.75283,68V,2.083990,41.37260
1460,310.08156,68V,2.086176,41.37484
1461,318.05835,68V,2.088862,41.37682
1746,367.37563,68V,2.091891,41.37782
1747,327.61612,68V,2.094963,41.37965
3725,449.42658,68V,2.097937,41.38220
3724,345.27669,68V,2.101504,41.38357
1881,355.30758,68V,2.104711,41.38527
761,294.96612,68V,2.106660,41.38748
762,341.69218,68V,2.109146,41.38989
763,471.25202,68V,2.112003,41.39331
103,384.70454,68V,2.114508,41.39605
2279,435.87759,68V,2.118539,41.39838
921,292.4672,68V,2.121378,41.39987
622,217.32089,68V,2.123344,41.39996
1573,279.69922,68V,2.125752,41.39825
522,232.86539,68V,2.128363,41.39768
523,310.6733,68V,2.132076,41.39769
528,134.56053,68V,2.133682,41.39769
1528,181.61744,68V,2.135854,41.39770
202,270.58107,68V,2.139094,41.39772
1426,321.91091,68V,2.141827,41.39601
287,387.25242,68V,2.144983,41.39345
814,288.29373,68V,2.147597,41.39205
171,263.43607,68V,2.149974,41.39110
1268,406.84584,68V,2.153438,41.39105
3570,232.09771,68V,2.154553,41.38957
160,0.0,70I,2.131035,41.37348
1362,256.35021,70I,2.130778,41.37522
857,240.40969,70I,2.130095,41.37732
1379,303.38517,70I,2.129227,41.37997
2532,249.28238,70I,2.128466,41.38214
291,352.76154,70I,2.127519,41.38524
491,346.93345,70I,2.128121,41.38802
481,153.93342,70I,2.128028,41.38932
516,282.32708,70I,2.129243,41.39168
940,227.30217,70I,2.131147,41.39302
1938,297.41629,70I,2.133718,41.39484
2625,554.9535,70I,2.134903,41.39846
526,220.66035,70I,2.133574,41.40018
527,381.2928,70I,2.131277,41.40315
996,241.09115,70I,2.130484,41.40490
3304,328.09004,70I,2.133147,41.40376
3304,0.0,70V,2.133147,41.40376
993,115.09738,70V,2.134025,41.40296
529,329.12654,70V,2.135367,41.40064
1940,264.11057,70V,2.133459,41.39875
1941,499.0733,70V,2.133413,41.39478
487,246.40573,70V,2.131300,41.39327
239,301.62308,70V,2.128122,41.39212
866,294.63119,70V,2.125776,41.39083
1376,395.70869,70V,2.126944,41.38743
1378,358.94044,70V,2.127233,41.38421
412,272.13108,70V,2.128008,41.38183
1363,337.56256,70V,2.128985,41.37889
1970,186.76764,70V,2.129587,41.37726
161,257.88073,70V,2.130456,41.37504
160,179.91887,70V,2.131035,41.37348
29,0.0,76I,2.138049,41.42919
1187,143.47304,76I,2.137190,41.42808
734,176426,76I,2.136988,41.42702
733,136.91461,76I,2.138542,41.42661
732,266.20775,76I,2.140704,41.42515
1252,228.7657,76I,2.142908,41.42519
48,320.18649,76I,2.144165,41.42791
704,398.27741,76I,2.145728,41.43131
614,531.6709,76I,2.148345,41.43562
1427,486.27341,76I,2.153169,41.43797
1440,404.76,76I,2.157767,41.43908
1594,402.45505,76I,2.162485,41.43939
428,277.56232,76I,2.165759,41.43919
806,357.26131,76I,2.170002,41.43879
807,294.57707,76I,2.173494,41.43843
1437,281.41284,76I,2.175525,41.43928
440,308.56046,76I,2.177584,41.44159
1517,233.65291,76I,2.178735,41.44351
1035,311.50709,76I,2.180146,41.44594
1176,348.32805,76I,2.184237,41.44649
1712,640.04481,76I,2.190508,41.44786
1765,717.78011,76I,2.189160,41.45343
1761,1109.9852,76I,2.182768,41.46163
3098,177.83045,76I,2.183644,41.46297
3460,567.49154,76I,2.181618,41.45971
3092,240.31877,76I,2.180449,41.45883
2328,344.97446,76I,2.180416,41.46128
2330,196.28594,76I,2.178494,41.46157
1730,258.05725,76I,2.178200,41.46230
1707,323.73919,76I,2.177265,41.46268
1708,185.20046,76I,2.175881,41.46147
1706,260.29374,76I,2.173803,41.46049
1625,123.81011,76I,2.172568,41.45992
1626,186.56378,76I,2.170418,41.45966
2605,134.25993,76I,2.168910,41.45952
2604,158.55765,76I,2.168467,41.45985
2610,300.69921,76I,2.171967,41.46048
1733,193.23595,76I,2.174071,41.46121
1349,203.89222,76I,2.173652,41.46255
2623,193.87831,76I,2.171489,41.46313
2623,0.0,76V,2.171489,41.46313
2146,338.10659,76V,2.168563,41.46342
2147,265.37793,76V,2.170552,41.46193
2148,176.64229,76V,2.171957,41.46196
1350,211.16708,76V,2.174038,41.46220
1731,275.75205,76V,2.175517,41.46372
1732,221.59433,76V,2.178124,41.46355
1704,188.39736,76V,2.177347,41.46270
1703,181.28581,76V,2.175901,41.46154
3604,406.22215,76V,2.175985,41.45957
1705,371.17176,76V,2.179394,41.46118
2281,137.06499,76V,2.180707,41.46093
2282,402.02268,76V,2.183949,41.45836
3769,797.81782,76V,2.186529,41.45272
1622,229.04198,76V,2.187922,41.45140
1168,244.91042,76V,2.187541,41.44923
82,258.90503,76V,2.185429,41.44949
2985,148.43706,76V,2.184056,41.45011
752,212.19563,76V,2.182143,41.44892
1548,219.29086,76V,2.180499,41.44738
810,298.49972,76V,2.178940,41.44499
808,289.97126,76V,2.177865,41.44251
804,271.14955,76V,2.176252,41.44042
406,344.61033,76V,2.173479,41.43863
586,316.1806,76V,2.169728,41.43901
755,366.00595,76V,2.165384,41.43943
232,402.49541,76V,2.161720,41.44067
1441,313.48183,76V,2.158333,41.43971
607,773.7554,76V,2.149735,41.43718
1148,329.71254,76V,2.147039,41.43503
3476,356.62416,76V,2.145400,41.43206
1147,164.51933,76V,2.144753,41.43066
3221,340.41095,76V,2.143401,41.42777
2911,389.87148,76V,2.141409,41.42510
681,292.21201,76V,2.138919,41.42664
1188,252.6175,76V,2.136839,41.42751
51,241.81511,76V,2.138266,41.42938
29,153621,76V,2.138049,41.42919
3168,0.0,78I,2.142640,41.37997
777,100.66254,78I,2.143614,41.38047
110,387.52923,78I,2.141836,41.38290
1377,504.33197,78I,2.137775,41.38625
1381,328.18993,78I,2.139463,41.38853
41,390.8473,78I,2.136321,41.39071
483,415.38158,78I,2.131617,41.38951
237,372.87849,78I,2.127385,41.38844
765,532.47759,78I,2.121617,41.38811
1413,304.24414,78I,2.119078,41.39007
172,460.09698,78I,2.115241,41.39305
549,563.92005,78I,2.111625,41.39213
550,338.1008,78I,2.109028,41.38993
552,312.85481,78I,2.106575,41.38788
3753,684.74136,78I,2.101237,41.38360
3752,145.80311,78I,2.099706,41.38364
3751,282.34271,78I,2.096538,41.38297
1458,727.81586,78I,2.094527,41.37954
1459,304.46254,78I,2.091657,41.37785
2706,417.08532,78I,2.087633,41.37636
1411,384.74843,78I,2.084742,41.37369
644,255.66372,78I,2.082927,41.37185
645,296.75791,78I,2.080804,41.36971
2638,328.1839,78I,2.078687,41.37017
2636,196.02816,78I,2.077088,41.37149
1919,386.59132,78I,2.073973,41.37377
1633,542.63089,78I,2.071460,41.37397
470,248.3378,78I,2.068662,41.37347
1739,179.58064,78I,2.067297,41.37275
1658,346.29861,78I,2.070081,41.37141
276,345.43203,78I,2.071415,41.36887
537,328.19956,78I,2.067658,41.36815
1737,313.09621,78I,2.064015,41.36797
1102,362.10102,78I,2.060375,41.36653
2271,240.45385,78I,2.058728,41.36475
2276,246.94169,78I,2.057074,41.36478
2275,292.5973,78I,2.054931,41.36686
3428,279.79391,78I,2.052875,41.36885
3429,286.65705,78I,2.050412,41.37059
3430,555.80874,78I,2.046264,41.37444
3431,466.54977,78I,2.047576,41.37600
3431,0.0,78V,2.047576,41.37600
3432,273.0249,78V,2.046171,41.37437
3433,549785,78V,2.050316,41.37056
3434,302.95943,78V,2.052853,41.36875
2247,238.18268,78V,2.051472,41.36745
2274,425.98323,78V,2.054345,41.36438
2273,298.04692,78V,2.056725,41.36243
2667,278.58046,78V,2.058332,41.36339
2248,447.51858,78V,2.060740,41.36674
904,333.96377,78V,2.064253,41.36787
536,315967,78V,2.067861,41.36808
1657,238.01903,78V,2.070638,41.36850
1485,447.64168,78V,2.069892,41.37155
632,329.7793,78V,2.067427,41.37277
1486,200.38272,78V,2.069012,41.37335
3135,198.2748,78V,2.071301,41.37376
3136,255.73065,78V,2.073608,41.37385
2635,322.98147,78V,2.076187,41.37182
2637,367.60044,78V,2.079139,41.36952
151,365.02266,78V,2.081109,41.36964
748,407.75283,78V,2.083990,41.37260
1460,310.08156,78V,2.086176,41.37484
1461,318.05835,78V,2.088862,41.37682
1746,367.37563,78V,2.091891,41.37782
1747,327.61612,78V,2.094963,41.37965
3725,449.42658,78V,2.097937,41.38220
3724,345.27669,78V,2.101504,41.38357
1881,355.30758,78V,2.104711,41.38527
761,294.96612,78V,2.106660,41.38748
762,341.69218,78V,2.109146,41.38989
763,471.25202,78V,2.112003,41.39331
711,413.98633,78V,2.115192,41.39290
297,449.0578,78V,2.118936,41.39000
492,534.37199,78V,2.122984,41.38693
493,228.61421,78V,2.125576,41.38758
494,296.15899,78V,2.128933,41.38844
1380,359.03058,78V,2.132858,41.38915
990,418.73049,78V,2.135869,41.38613
109,215.13707,78V,2.137456,41.38460
629,264.55172,78V,2.139451,41.38275
2270,233.46958,78V,2.141343,41.38121
3126,252.31748,78V,2.141088,41.37978
3168,188.50439,78V,2.142640,41.37997
1063,0.0,79I,2.152229,41.37483
1185,175.93989,79I,2.152629,41.37512
108,471.44627,79I,2.147975,41.37439
421,367.74606,79I,2.144950,41.37199
907,276.29868,79I,2.142617,41.37023
895,305.78132,79I,2.140016,41.36829
183,399.99304,79I,2.136559,41.36582
1973,507.99698,79I,2.134806,41.36264
3408,500.19946,79I,2.132810,41.35911
3409,584.75111,79I,2.136152,41.35449
2714,757.22946,79I,2.130743,41.35080
2709,283.60458,79I,2.131052,41.34906
2184,566.79931,79I,2.126134,41.34948
2186,557897,79I,2.120691,41.34658
2188,387.97587,79I,2.116842,41.34549
2190,723.73185,79I,2.114470,41.34987
647,331.93456,79I,2.111914,41.34975
2137,213.42962,79I,2.110851,41.35150
648,166.03257,79I,2.109416,41.35253
3461,289.54649,79I,2.106479,41.35361
3686,368.28159,79I,2.104198,41.35639
3462,163.50302,79I,2.103347,41.35772
3462,0.0,79V,2.103347,41.35772
2517,383.10886,79V,2.104084,41.35563
3687,221.88745,79V,2.105449,41.35391
163,323.71199,79V,2.108490,41.35244
1613,176.04435,79V,2.110198,41.35162
581,211.18517,79V,2.111209,41.34991
334,382.77832,79V,2.113360,41.34744
2189,553.18086,79V,2.116508,41.34518
2187,455.1566,79V,2.120917,41.34649
2185,548.41199,79V,2.126307,41.34930
3373,500.08231,79V,2.130752,41.34867
3374,415.56649,79V,2.131425,41.35090
3410,712.31507,79V,2.136312,41.35452
2501,593.22439,79V,2.132920,41.35921
2180,212.31701,79V,2.134133,41.36060
2363,434.45162,79V,2.134440,41.36366
1173,343.12353,79V,2.137155,41.36578
868,262.59872,79V,2.139298,41.36750
941,313.76142,79V,2.141953,41.36950
1310,345.89144,79V,2.144880,41.37170
389,423.07591,79V,2.148575,41.37429
1063,328.76813,79V,2.152229,41.37483
3561,0.0,91I,2.160304,41.37653
1370,224.87856,91I,2.158371,41.37723
1255,423.21715,91I,2.154669,41.37737
776,266.69211,91I,2.152408,41.37568
108,477.86475,91I,2.147975,41.37439
908,371.33906,91I,2.143916,41.37318
2835,292.54271,91I,2.142347,41.37125
2836,203.41596,91I,2.141705,41.36964
3810,317.37578,91I,2.139020,41.36762
760,469.35961,91I,2.134607,41.36661
1848,428.48721,91I,2.134587,41.36952
1057,269.49212,91I,2.137749,41.36992
1057,0.0,91V,2.137749,41.36992
909,230.57637,91V,2.139994,41.37112
571,380.67123,91V,2.142975,41.37172
1310,215.29814,91V,2.144880,41.37170
389,423.07591,91V,2.148575,41.37429
3247,199.79181,91V,2.150187,41.37549
204,695.28894,91V,2.156056,41.37657
137,249.40908,91V,2.158158,41.37817
3561,378.2431,91V,2.160304,41.37653
2139,0.0,96I,2.186345,41.42286
1663,120.2369,96I,2.187079,41.42350
328,217.07455,96I,2.186490,41.42540
431,253.52547,96I,2.185149,41.42745
1166,390.30385,96I,2.183016,41.43056
1167,360.32971,96I,2.183620,41.43333
1340,250.76843,96I,2.184424,41.43549
1341,474.11572,96I,2.186132,41.43952
1342,270.15614,96I,2.187520,41.44172
2321,370.36277,96I,2.190861,41.44275
1710,346.30997,96I,2.189790,41.44513
1709,846.79301,96I,2.188847,41.44989
1765,394.87407,96I,2.189160,41.45343
259,1023.78306,96I,2.183156,41.46091
115,805.14703,96I,2.178990,41.46707
116,331.38885,96I,2.180794,41.46915
111,281.16666,96I,2.183905,41.46958
1457,337.61623,96I,2.184148,41.47224
1552,742.16889,96I,2.189099,41.47686
3414,385.3437,96I,2.189942,41.48027
743,239.12026,96I,2.188942,41.48202
638,416.1136,96I,2.190971,41.48498
1715,509.90499,96I,2.187772,41.48764
1716,254.43181,96I,2.186888,41.48938
1717,243.55492,96I,2.185462,41.49128
1213,224.30755,96I,2.183393,41.49214
1452,282.95164,96I,2.182342,41.49394
594,245.03472,96I,2.183455,41.49599
3147,241.84041,96I,2.184564,41.49800
3778,567.27326,96I,2.181042,41.49921
3151,389.6851,96I,2.178288,41.49753
3277,296.3636,96I,2.177339,41.49501
2806,229.76593,96I,2.178980,41.49401
3272,172.3496,96I,2.181040,41.49391
3776,329.25191,96I,2.180229,41.49218
3776,0.0,96V,2.180229,41.49218
3777,264.5245,96V,2.177541,41.49285
3157,132.51054,96V,2.177471,41.49400
3271,271.39041,96V,2.177710,41.49637
3273,150.4462,96V,2.178513,41.49755
3274,286.00828,96V,2.180289,41.49972
3182,524.08292,96V,2.184723,41.49852
3148,151.30861,96V,2.184036,41.49726
372,142.66737,96V,2.183402,41.49607
747,280.30466,96V,2.182103,41.49374
1719,293.20381,96V,2.183727,41.49194
152,138.29698,96V,2.185055,41.49137
640,262.16423,96V,2.186708,41.48936
639,302.73606,96V,2.188299,41.48751
742,482.26977,96V,2.190838,41.48481
1145,384.67917,96V,2.188604,41.48207
3413,310.11247,96V,2.188804,41.47958
117,331.19914,96V,2.189000,41.47679
112,809.40355,96V,2.183415,41.47180
113,323.01631,96V,2.180865,41.46962
114,407.0374,96V,2.178883,41.46694
879,839.66375,96V,2.181445,41.46072
885,1185.59454,96V,2.188737,41.45210
1778,450.59172,96V,2.187808,41.44814
1240,590.06036,96V,2.186209,41.44304
432,848.12064,96V,2.183797,41.43562
362,751.92785,96V,2.183647,41.42914
2648,184.79388,96V,2.184637,41.42766
511,326.98725,96V,2.186340,41.42501
455,348.13266,96V,2.186760,41.42193
2139,575.51871,96V,2.186345,41.42286
872,0.0,97I,2.183253,41.43162
883,1229.02635,97I,2.186438,41.44233
1709,862.88949,97I,2.188847,41.44989
1765,394.87407,97I,2.189160,41.45343
1761,1109.9852,97I,2.182768,41.46163
3098,177.83045,97I,2.183644,41.46297
2717,201.55745,97I,2.185424,41.46399
2718,396.58849,97I,2.186002,41.46613
2718,0.0,97V,2.186002,41.46613
1503,241.59302,97V,2.185309,41.46413
3097,177.33303,97V,2.183867,41.46319
1504,132.26568,97V,2.182566,41.46279
884,246.81278,97V,2.180784,41.46387
3500,311.94613,97V,2.178825,41.46626
879,844.21258,97V,2.181445,41.46072
885,1185.59454,97V,2.188737,41.45210
1778,450.59172,97V,2.187808,41.44814
1240,590.06036,97V,2.186209,41.44304
432,848.12064,97V,2.183797,41.43562
872,750.19947,97V,2.183253,41.43162
3537,0.0,109I,2.153024,41.38843
139,240.25791,109I,2.153119,41.38679
207,360.98322,109I,2.150058,41.38449
378,425.80714,109I,2.146274,41.38201
3126,602.06231,109I,2.141088,41.37978
1499,494.05631,109I,2.145213,41.37836
320,261.36751,109I,2.147419,41.37670
108,333.99075,109I,2.147975,41.37439
421,367.74606,109I,2.144950,41.37199
907,276.29868,109I,2.142617,41.37023
895,305.78132,109I,2.140016,41.36829
183,399.99304,109I,2.136559,41.36582
449,579.74866,109I,2.137449,41.36206
43,283.87771,109I,2.139079,41.35982
2336,394.07813,109I,2.141339,41.35671
199,292.25323,109I,2.142976,41.35439
1045,371.39412,109I,2.145138,41.35147
1669,909.38662,109I,2.145283,41.34392
1640,538.44331,109I,2.142583,41.33952
3760,482.46251,109I,2.140145,41.33558
1641,583.0168,109I,2.137356,41.33104
1642,229.80714,109I,2.136190,41.32916
1614,287.39126,109I,2.133332,41.32961
1645,505.39925,109I,2.128757,41.33011
1646,307.40219,109I,2.127203,41.32759
1647,329.89143,109I,2.125546,41.32490
844,770.15138,109I,2.118123,41.32499
843,930.2708,109I,2.115544,41.33117
843,0.0,109V,2.115544,41.33117
1643,353.03218,109V,2.117334,41.33405
1617,201.05676,109V,2.119036,41.33434
1618,356.81758,109V,2.122905,41.33299
1619,224.84151,109V,2.125338,41.33213
1615,281.07819,109V,2.128353,41.33108
1610,331.58269,109V,2.131948,41.32982
1741,608.7613,109V,2.137156,41.32986
1638,646.89256,109V,2.140311,41.33494
1639,373.60168,109V,2.142164,41.33801
1670,1278.45696,109V,2.142280,41.34673
1781,603.82402,109V,2.148775,41.34701
200,594.78462,109V,2.145339,41.35169
1323,386.11529,109V,2.143168,41.35476
44,270607,109V,2.141538,41.35686
450,340.97238,109V,2.139621,41.35957
867,345.55219,109V,2.137640,41.36230
1173,465.95576,109V,2.137155,41.36578
868,262.59872,109V,2.139298,41.36750
941,313.76142,109V,2.141953,41.36950
1310,345.89144,109V,2.144880,41.37170
389,423.07591,109V,2.148575,41.37429
3247,199.79181,109V,2.150187,41.37549
3125,1247.09685,109V,2.145255,41.37846
3569,582.88357,109V,2.141333,41.37956
777,257.17708,109V,2.143614,41.38047
380,449.26234,109V,2.147948,41.38104
2345,396.79522,109V,2.151303,41.38357
138,383.15216,109V,2.154537,41.38602
3537,562.7267,109V,2.153024,41.38843
1784,0.0,136I,2.195243,41.38519
413,169.38311,136I,2.194842,41.38625
662,351.25853,136I,2.195587,41.38837
1278,403.56606,136I,2.192181,41.39094
3572,299.12752,136I,2.191119,41.39283
31,510.52621,136I,2.195519,41.39602
830,393.61797,136I,2.198913,41.39848
1273,248.75586,136I,2.201019,41.40006
827,294.38747,136I,2.203431,41.40189
2134,394.67551,136I,2.206746,41.40442
399,408.91444,136I,2.210207,41.40702
2268,333.71248,136I,2.213033,41.40914
1090,486.7297,136I,2.217167,41.41223
469,436.39744,136I,2.214693,41.41511
1113,212.13733,136I,2.212900,41.41646
565,303.02285,136I,2.210326,41.41838
962,321.73386,136I,2.207703,41.42048
2683,364.80296,136I,2.204613,41.42278
971,391.96898,136I,2.201282,41.42527
3504,494.3977,136I,2.202429,41.42870
3505,316.99753,136I,2.198637,41.42857
3573,395.69359,136I,2.199656,41.42634
3573,0.0,136V,2.199656,41.42634
1180,216.04813,136V,2.200925,41.42488
1181,395.59835,136V,2.204269,41.42235
574,362.06233,136V,2.207256,41.42000
1111,464.48618,136V,2.211206,41.41708
193,145.87014,136V,2.212440,41.41615
1661,286.21738,136V,2.214866,41.41433
887,340.66203,136V,2.216684,41.41218
1890,408.93601,136V,2.212898,41.41000
1891,295.58179,136V,2.209544,41.40916
2289,226.19553,136V,2.208707,41.40774
382,347.89531,136V,2.205699,41.40558
1274,399.04077,136V,2.202359,41.40301
2741,404.53391,136V,2.199012,41.40047
300,265.52258,136V,2.196766,41.39878
835,412.32468,136V,2.193287,41.39614
3571,398.78425,136V,2.189841,41.39367
1631,424339,136V,2.191898,41.39087
915,376.33748,136V,2.193668,41.38844
1784,614.39193,136V,2.195243,41.38519
3186,0.0,141I,2.145214,41.39209
814,259.86661,141I,2.147597,41.39205
1264,418.50009,141I,2.151134,41.38938
1488,405.12485,141I,2.154554,41.38679
173,236.52367,141I,2.156551,41.38529
560,313.7107,141I,2.159201,41.38329
1366,279.51025,141I,2.161561,41.38150
1636,243.37007,141I,2.162654,41.37996
3754,630.06554,141I,2.159336,41.37650
3754,0.0,141V,2.159336,41.37650
205,267.18659,141V,2.157087,41.37821
314,277.44155,141V,2.154743,41.37997
1491,401.92967,141V,2.151352,41.38254
1267,401.4539,141V,2.147953,41.38509
208,411.40182,141V,2.145493,41.38772
630,600.33017,141V,2.144807,41.39040
3186,349.95072,141V,2.145214,41.39209
3742,0.0,150I,2.149901,41.37474
1369,398.05768,150I,2.154201,41.37450
264,655.44744,150I,2.149875,41.37116
265,421.22858,150I,2.146283,41.36941
343,395.72779,150I,2.144752,41.36632
348,258.09778,150I,2.147372,41.36547
344,366794,150I,2.151358,41.36647
345,271.64569,150I,2.154544,41.36600
2581,374.47377,150I,2.158748,41.36637
654,204.48206,150I,2.159774,41.36776
655,303.78188,150I,2.162942,41.36887
2307,717.16882,150I,2.162498,41.36715
2308,223.91028,150I,2.160553,41.36583
3774,164.70766,150I,2.160044,41.36474
2325,251.85266,150I,2.161236,41.36270
2315,651.7689,150I,2.167015,41.36506
2315,0.0,150V,2.167015,41.36506
2326,362.30941,150V,2.168870,41.36792
2310,899.51201,150V,2.168879,41.37025
2309,303.17078,150V,2.165787,41.36900
656,322.78047,150V,2.161944,41.36893
657,228.1987,150V,2.159631,41.36786
346,416.8345,150V,2.155317,41.36616
347,307.41977,150V,2.151717,41.36653
349,442.67573,150V,2.146807,41.36553
1030,374.1464,150V,2.145137,41.36780
945,262.43123,150V,2.146999,41.36942
8,375.3983,150V,2.150118,41.37104
3742,518.9548,150V,2.149901,41.37474
3305,0.0,157I,2.121819,41.37680
1713,287.72475,157I,2.119820,41.37705
1259,481.91275,157I,2.114639,41.37591
1438,320.33846,157I,2.110809,41.37597
905,422.18431,157I,2.105777,41.37621
1725,352.88135,157I,2.101575,41.37648
1726,500.62457,157I,2.095613,41.37691
590,231.35531,157I,2.092859,41.37708
2697,422.33532,157I,2.087868,41.37747
1017,478.98921,157I,2.082200,41.37809
1697,407.03425,157I,2.077386,41.37863
1211,174.67542,157I,2.075891,41.37935
1052,182.03481,157I,2.075102,41.38088
1053,246.41597,157I,2.074091,41.38296
203,342.91619,157I,2.073006,41.38509
1829,379.7663,157I,2.069893,41.38262
1721,140.11957,157I,2.068690,41.38178
1720,207.18056,157I,2.066909,41.38049
1903,261.91135,157I,2.066912,41.37957
1633,1083.65046,157I,2.071460,41.37397
1920,162.02389,157I,2.071312,41.37282
1921,197.71186,157I,2.070599,41.37172
1922,489.66048,157I,2.073349,41.36931
2631,266.10291,157I,2.076023,41.37059
2631,0.0,157V,2.076023,41.37059
1919,508.67887,157V,2.073973,41.37377
407,1223.305,157V,2.066954,41.38042
408,181.97294,157V,2.068519,41.38156
1054,349.89751,157V,2.071439,41.38274
1456,314.93171,157V,2.074213,41.38238
1212,243.09392,157V,2.075248,41.38034
1749,259.37039,157V,2.076868,41.37856
1750,222.23416,157V,2.079496,41.37826
1751,243.40314,157V,2.082373,41.37795
592,360.81985,157V,2.086646,41.37748
1034,495.40543,157V,2.092165,41.37693
771,362.26611,157V,2.096478,41.37662
906,584.88279,157V,2.103439,41.37614
324,213.66064,157V,2.105988,41.37596
1439,363.05651,157V,2.110328,41.37583
831,361.33153,157V,2.114648,41.37576
9758,191.44043,157V,2.116936,41.37572
3305,519.82408,157V,2.121819,41.37680
1062,0.0,165I,2.153057,41.37482
1185,106.78945,165I,2.152629,41.37512
108,471.44627,165I,2.147975,41.37439
421,367.74606,165I,2.144950,41.37199
907,276.29868,165I,2.142617,41.37023
895,305.78132,165I,2.140016,41.36829
3491,6177.64675,165I,2.100182,41.33288
3301,294.80727,165I,2.102024,41.33121
3300,395.76834,165I,2.098503,41.32922
1015,267.71747,165I,2.098731,41.32737
1016,402.22809,165I,2.094454,41.32572
3441,444.04213,165I,2.095753,41.32242
1153,210.40833,165I,2.093473,41.32164
1043,391.31577,165I,2.090414,41.31968
585,224.05997,165I,2.091616,41.31788
3472,300.46557,165I,2.092284,41.31720
3472,0.0,165V,2.092284,41.31720
1044,180.50769,165V,2.091293,41.31864
2571,135.05797,165V,2.090689,41.31970
1155,378.31392,165V,2.093547,41.32155
3299,305.17807,165V,2.096084,41.32289
1014,406.88699,165V,2.095148,41.32573
1442,387.21601,165V,2.099254,41.32734
3488,282.00568,165V,2.098556,41.32940
3489,365.38744,165V,2.102083,41.33109
3490,326.61371,165V,2.100186,41.33300
1553,227.68996,165V,2.100882,41.33407
868,5467.15021,165V,2.139298,41.36750
941,313.76142,165V,2.141953,41.36950
1310,345.89144,165V,2.144880,41.37170
389,423.07591,165V,2.148575,41.37429
1982,379.4671,165V,2.152836,41.37482
1062,18.45147,165V,2.153057,41.37482
854,0.0,175I,2.121454,41.37732
263,522.28432,175I,2.125151,41.37704
1379,500.02746,175I,2.129227,41.37997
2532,249.28238,175I,2.128466,41.38214
291,352.76154,175I,2.127519,41.38524
237,465.40017,175I,2.127385,41.38844
766,420.9249,175I,2.122615,41.38723
21,571.94774,175I,2.116136,41.38559
2541,282.39483,175I,2.112929,41.38478
335,521.2768,175I,2.111588,41.38698
554,325.26459,175I,2.108666,41.38703
761,319.44862,175I,2.106660,41.38748
3766,478.96543,175I,2.107925,41.38745
295,271.46951,175I,2.108859,41.38576
295,0.0,175V,2.108859,41.38576
310,319.07616,175V,2.111612,41.38422
2542,356.84855,175V,2.115683,41.38507
2543,269.14332,175V,2.118733,41.38584
492,375.25574,175V,2.122984,41.38693
1376,415.49862,175V,2.126944,41.38743
1378,358.94044,175V,2.127233,41.38421
923,285.72988,175V,2.127254,41.38191
1238,245.24441,175V,2.125055,41.38045
854,483.8007,175V,2.121454,41.37732
3102,0.0,182I,2.174214,41.43037
1511,741.84809,182I,2.172226,41.43521
803,224.94891,182I,2.173483,41.43694
406,360.09386,182I,2.173479,41.43863
586,316.1806,182I,2.169728,41.43901
755,366.00595,182I,2.165384,41.43943
231,420.1885,182I,2.162056,41.44153
2585,192.58855,182I,2.162304,41.44285
3106,337.89278,182I,2.163722,41.44472
3108,793.81765,182I,2.167831,41.44931
3110,747.48204,182I,2.174838,41.45072
3112,217.39794,182I,2.172602,41.45126
3113,430.75106,182I,2.171365,41.45378
3113,0.0,182V,2.171365,41.45378
3111,310.49615,182V,2.172060,41.45146
3109,264.2641,182V,2.174708,41.45068
3107,738.56386,182V,2.167755,41.44935
3104,1074.91878,182V,2.162080,41.44334
3103,236.29506,182V,2.161811,41.44153
1594,346.7338,182V,2.162485,41.43939
428,277.56232,182V,2.165759,41.43919
806,357.26131,182V,2.170002,41.43879
807,294.57707,182V,2.173494,41.43843
819,138.11757,182V,2.174051,41.43775
306,252.64605,182V,2.172374,41.43586
773,294.97995,182V,2.173054,41.43342
3102,394.26836,182V,2.174214,41.43037
3076,0.0,183I,2.177010,41.45969
1705,258.76406,183I,2.179394,41.46118
2281,137.06499,183I,2.180707,41.46093
3054,306.42723,183I,2.180342,41.45882
3055,206.64341,183I,2.178800,41.45761
3056,217.25396,183I,2.177191,41.45684
3057,137.52687,183I,2.177203,41.45597
3058,214.92829,183I,2.176005,41.45433
3059,119.93108,183I,2.175021,41.45360
3059,0.0,183V,2.175021,41.45360
3060,250.49379,183V,2.175496,41.45530
3061,77.97165,183V,2.174661,41.45500
3062,233.87104,183V,2.174817,41.45626
3063,281.20717,183V,2.177369,41.45775
3064,149.39684,183V,2.178985,41.45827
3164,209.82584,183V,2.178378,41.45904
3065,254.95342,183V,2.180692,41.46040
2328,133.68098,183V,2.180416,41.46128
2330,196.28594,183V,2.178494,41.46157
1730,258.05725,183V,2.178200,41.46230
1707,323.73919,183V,2.177265,41.46268
1708,185.20046,183V,2.175881,41.46147
1706,260.29374,183V,2.173803,41.46049
1625,123.81011,183V,2.172568,41.45992
1626,186.56378,183V,2.170418,41.45966
2605,134.25993,183V,2.168910,41.45952
2604,158.55765,183V,2.168467,41.45985
2610,300.69921,183V,2.171967,41.46048
1733,193.23595,183V,2.174071,41.46121
1735,163.33388,183V,2.174277,41.46233
1731,247.95828,183V,2.175517,41.46372
1732,221.59433,183V,2.178124,41.46355
1704,188.39736,183V,2.177347,41.46270
1703,181.28581,183V,2.175901,41.46154
3604,406.22215,183V,2.175985,41.45957
3809,359.94379,183V,2.179289,41.46111
3144,143.25186,183V,2.180676,41.46096
3053,304.98705,183V,2.180352,41.45887
3501,271.96835,183V,2.181714,41.45967
3785,523.19635,183V,2.184317,41.46306
2717,143.25519,183V,2.185424,41.46399
3782,489.19713,183V,2.185686,41.46540
1503,148.98438,183V,2.185309,41.46413
3097,177.33303,183V,2.183867,41.46319
1504,132.26568,183V,2.182566,41.46279
884,246.81278,183V,2.180784,41.46387
3500,311.94613,183V,2.178825,41.46626
3145,775.16253,183V,2.178591,41.46161
2331,220448,183V,2.176682,41.46028
3076,223.44207,183V,2.177010,41.45969
3295,0.0,185I,2.165702,41.44153
2261,210.37232,185I,2.163441,41.44073
232,149.39523,185I,2.161720,41.44067
1441,313.48183,185I,2.158333,41.43971
2356,303.79249,185I,2.155267,41.44066
1779,234.02065,185I,2.154360,41.43959
2672,500.6276,185I,2.150288,41.44024
1428,565.21412,185I,2.153490,41.43742
2241,232.57033,185I,2.154002,41.43653
2239,193.1142,185I,2.155958,41.43746
2354,369.96863,185I,2.159625,41.43678
2789,214.04144,185I,2.159912,41.43544
2790,246.54671,185I,2.159906,41.43378
2674,223.87313,185I,2.161693,41.43379
1402,172.2932,185I,2.162990,41.43268
3632,354.3176,185I,2.162399,41.42999
2351,207.41501,185I,2.160138,41.42973
2350,228.26971,185I,2.157518,41.42924
1855,363.36607,185I,2.153825,41.42757
1856,315.10399,185I,2.150604,41.42625
2022,243.3944,185I,2.147947,41.42685
1857,265.42971,185I,2.144904,41.42713
28,208.08869,185I,2.142992,41.42689
28,0.0,185V,2.142992,41.42689
2725,357.76582,185V,2.143261,41.42438
1859,390.1176,185V,2.147835,41.42451
1860,229.98654,185V,2.149996,41.42568
1861,388.37919,185V,2.153901,41.42745
727,364.93124,185V,2.157599,41.42913
1852,241.27902,185V,2.160350,41.42959
410,266.7822,185V,2.161101,41.43048
616,403.33212,185V,2.158051,41.43291
3365,212.87623,185V,2.156057,41.43411
3791,232.51044,185V,2.156898,41.43570
3790,299.05802,185V,2.155977,41.43747
3792,314.94653,185V,2.159273,41.43789
2675,170.65446,185V,2.160895,41.43696
3335,217.09531,185V,2.162975,41.43607
2678,247.42608,185V,2.161451,41.43763
2355,161.3356,185V,2.159917,41.43852
2416,470.79816,185V,2.163860,41.44020
3295,387.02878,185V,2.165702,41.44153
1825,0.0,191I,2.181523,41.42618
508,442.58061,191I,2.182622,41.42356
2791,219.47981,191I,2.183858,41.42199
2831,159.75462,191I,2.183852,41.42055
2832,296.67581,191I,2.181792,41.41854
859,500.47174,191I,2.179668,41.41526
233,316.61465,191I,2.176982,41.41325
3270,349.46132,191I,2.173991,41.41150
2747,202.55308,191I,2.172287,41.41280
3559,436.9666,191I,2.173497,41.41513
3559,0.0,191V,2.173497,41.41513
3543,289.21228,191V,2.171036,41.41424
460,408.61666,191V,2.167730,41.41572
447,264.47192,191V,2.164890,41.41483
1316,227.89518,191V,2.162303,41.41417
1104,166.75968,191V,2.161532,41.41311
3637,263.38538,191V,2.163999,41.41174
3226,300.00278,191V,2.167490,41.41221
3227,280.69232,191V,2.170365,41.41351
3538,394.35803,191V,2.173864,41.41585
2734,238.75376,191V,2.175793,41.41512
2735,192.87716,191V,2.177422,41.41389
1305,464.60623,191V,2.180783,41.41515
861,541.24574,191V,2.181377,41.41979
1835,260.39573,191V,2.183587,41.42144
509,323.74398,191V,2.182838,41.42360
1825,396.83933,191V,2.181523,41.42618
3190,0.0,192I,2.198856,41.40035
300,247.07592,192I,2.196766,41.39878
2464,570.26747,192I,2.191976,41.40132
3371,283.33942,192I,2.189593,41.40313
2742,272.29282,192I,2.187303,41.40488
3722,377.14395,192I,2.187132,41.40821
1489,318.35581,192I,2.187052,41.41107
3610,437.90731,192I,2.185723,41.41449
3611,378.74481,192I,2.182544,41.41692
2668,181.71973,192I,2.180864,41.41615
859,140.66967,192I,2.179668,41.41526
233,316.61465,192I,2.176982,41.41325
3270,349.46132,192I,2.173991,41.41150
2747,202.55308,192I,2.172287,41.41280
2733,402.96676,192I,2.173206,41.41491
2733,0.0,192V,2.173206,41.41491
2734,309.18572,192V,2.175793,41.41512
2735,192.87716,192V,2.177422,41.41389
2665,501.35749,192V,2.181779,41.41518
2736,377.4474,192V,2.185021,41.41660
2737,297.71088,192V,2.187541,41.41471
2738,208.0824,192V,2.189308,41.41339
1191,321.79576,192V,2.192025,41.41133
567,197.56559,192V,2.193691,41.41007
3454,342.51929,192V,2.196605,41.40790
2740,423.50355,192V,2.200197,41.40521
2772,267.31105,192V,2.202486,41.40353
1274,79.5424,192V,2.202359,41.40301
3190,422.98056,192V,2.198856,41.40035
3453,0.0,196I,2.136587,41.41096
3674,145.82268,196I,2.135741,41.41211
1775,275.94833,196I,2.134143,41.41428
1472,104.11706,196I,2.133486,41.41509
1473,190.16105,196I,2.131297,41.41538
1444,261.22614,196I,2.129658,41.41550
1443,286.02228,196I,2.130773,41.41644
1397,185.61689,196I,2.129421,41.41541
3184,141.80004,196I,2.130032,41.41436
3185,508.47019,196I,2.125968,41.41233
2895,213.41442,196I,2.123676,41.41165
2895,0.0,196V,2.123676,41.41165
3191,140.88717,196V,2.124828,41.41078
71,178459,196V,2.126513,41.41047
2933,449.98691,196V,2.130465,41.41322
3189,295.57663,196V,2.133410,41.41436
1358,224.36896,196V,2.134915,41.41295
3474,278.36455,196V,2.136529,41.41075
3453,350.1121,196V,2.136587,41.41096
